Serie,Sysser,Cp,Cm,Cb,Cw,Lwl/Bwl,Bwl/Tc,Lwl/Tc,Lwl/Vol^(1/3),Lcb/Lwl,Lcf/Lwl,Lcb/Lcf,Sc/Vol^(2/3),Aw/Vol^(2/3),Sc/Aw,Sc/Ax,Ax/Aw,mean_response,median_response,min_response,max_response,std_response,n_records
DELFT Series,1,0.564413502,0.646409597,0.364842305,0.688295991,3.154574163,3.992443385,12.59445875,4.775347934,-0.022899999,-0.033299999,0.687687685,5.723559304,4.97558945,1.150327888,15.42654257,0.074568095,38.61443818390909,10.07728844,0.367053553,131.8278395,49.200883143725335,11
DELFT Series,10,0.564413502,0.646409597,0.364842305,0.694006291,3.154574163,3.992443385,12.59445875,4.775347934,0.0,-0.0191,0.0,5.849212399,5.01686836,1.165909085,15.76521169,0.073954547,49.91650243541667,19.225820165,0.333685048,145.2975926,57.73768659852816,12
DELFT Series,11,0.564536539,0.646409597,0.364921836,0.681829176,3.154574163,3.992443385,12.59445875,4.775000993,-0.049800001,-0.049700001,1.002012088,5.567006386,4.928125638,1.129639704,15.00677053,0.075275337,41.71367183527273,11.40954147,0.366973556,146.5002918,53.51044576700861,11
DELFT Series,12,0.563717774,0.646505737,0.364446775,0.693438842,3.50877198,3.936463992,13.81215456,5.104197708,-0.0001,-0.0193,0.005181347,6.027587594,5.148823379,1.170672822,17.34334034,0.067499847,26.8264830111875,10.3771060515,0.271651991,107.9001708,33.12078078884943,16
DELFT Series,14,0.528902639,0.646304899,0.341832366,0.657123062,3.50877198,3.691709794,12.95336788,5.103971275,-0.023,-0.034700001,0.662824201,5.75690108,4.87874373,1.179996613,15.54077678,0.075929063,54.73894901115385,26.17018611,0.380262175,144.8798886,58.8883269425425,13
DELFT Series,15,0.530364834,0.646189257,0.342716058,0.658449135,3.164557162,3.682983445,11.65501164,4.756604776,-0.022899999,-0.034499999,0.663768116,5.565590959,4.707641922,1.182246027,14.04051612,0.084202462,41.4214769136,5.276341202,0.296794193,153.7723689,57.68447981131163,15
DELFT Series,16,0.529165028,0.646296154,0.341997322,0.657445271,3.154574163,2.81028365,8.865248194,4.340465532,-0.023,-0.034799999,0.660919563,5.076532647,3.926372392,1.292932035,11.65989473,0.110887111,68.4154913263077,27.89689284,0.100228357,182.0314019,75.98674039781288,13
DELFT Series,17,0.598367648,0.646962192,0.387121245,0.724132446,3.154574163,4.243641214,13.38688093,4.778127257,-0.0001,-0.0179,0.005586592,5.990268458,5.240740911,1.143019386,17.12663738,0.066739276,57.65009045107692,28.01165972,0.133707206,152.8273368,61.662852592108784,13
DELFT Series,18,0.598889236,0.64653989,0.387205781,0.711924555,3.154574163,4.243641214,13.38688093,4.777779508,-0.049999998,-0.048899999,1.022494868,5.701774067,5.15163918,1.106788319,16.31483235,0.067839393,42.781015654,11.90848317,0.044559338,148.5274145,55.38372891913541,11
DELFT Series,2,0.567367424,0.646341669,0.366713208,0.690833066,3.623188502,3.04299897,11.02535888,4.775868614,-0.023,-0.0334,0.688622759,5.421911768,4.348975172,1.246710214,14.69160399,0.084858686,39.95314389290909,9.657779132,0.389426578,132.8055895,50.45883570026702,11
DELFT Series,20,0.529999692,0.645847722,0.342299094,0.651136148,3.154574163,3.75147948,11.83432024,4.777779508,-0.049899997,-0.0509,0.980353577,5.437433352,4.711761191,1.154012933,13.76878654,0.083813699,43.92234233354545,11.25123293,0.523572225,150.8890594,56.12783380012572,11
DELFT Series,21,0.598096114,0.646865707,0.386887866,0.718140049,3.50877198,4.166666712,14.61988341,5.099230561,-0.022899999,-0.0322,0.711180101,6.022098139,5.321858196,1.131578091,18.36637545,0.061611399,37.335545679545454,12.41891671,0.46046147,124.3787689,46.09798939055819,11
DELFT Series,22,0.599023499,0.646577562,0.387315153,0.718797974,2.732240392,4.231213905,11.56069354,4.336567418,-0.022899999,-0.0322,0.711180101,5.581375434,4.947435512,1.128135055,14.49877126,0.077809011,45.06313569890909,12.16162464,0.066639039,163.9153765,60.34326378744107,11
DELFT Series,23,0.547296398,0.720584786,0.394373458,0.673368085,3.472222372,4.090908937,14.20454553,5.000833538,-0.0185,-0.052900001,0.349716441,5.776425316,4.849866617,1.191048285,15.809719,0.075336461,59.25503657657144,37.696137805,0.434316735,144.2825742,59.2929451187564,14
DELFT Series,24,0.543115932,0.739490366,0.401628999,0.66989506,3.496503333,10.95785476,38.31417571,6.935154223,-0.0209,-0.058400001,0.357876702,9.518270322,9.214782216,1.032934919,35.85144798,0.028811526,95.011987855125,88.479115175,0.953952724,252.4227048,83.79464899964798,24
DELFT Series,25,0.548398556,0.726724181,0.398534492,0.671320021,4.0,5.387931103,21.55172441,6.002866718,-0.0199,-0.055399999,0.359205778,6.795729344,6.047655025,1.123696592,22.37129255,0.0502294,48.036498726235294,44.07775369,0.441882243,119.5512407,43.53370307950337,17
DELFT Series,26,0.54258239,0.749316517,0.406565947,0.678394567,3.993610116,12.90721646,51.54639023,7.970354541,-0.020500001,-0.063299999,0.323854676,10.90306173,10.79125556,1.010360811,47.15109743,0.02142815,51.25894079907143,40.64956649,1.189491131,127.7410041,45.16967704213288,14
DELFT Series,27,0.546254278,0.723702027,0.395325329,0.676978463,4.496402984,2.460176854,11.06194655,5.01088052,-0.0188,-0.0524,0.358778618,5.42603857,3.780399698,1.435308169,14.85223374,0.096639212,56.42305215471429,38.000903135,0.385535034,132.7782656,56.02610814520343,14
DELFT Series,28,0.543680284,0.735939792,0.400115955,0.672367199,4.500449918,6.753799201,30.39513507,6.992375038,-0.020500001,-0.059500001,0.344537817,7.882090317,7.304660111,1.079049565,29.96468418,0.03601071,83.18449707799999,82.51602796,0.803160661,208.4376517,67.33790441180872,21
DELFT Series,29,0.549074072,0.751304317,0.412521721,0.671400011,4.0,10.8695652,43.47826079,7.498282142,-0.045899998,-0.076300003,0.601572697,9.733539966,9.437238007,1.031397106,40.07407723,0.025737264,47.40726790357143,35.503931325,0.732039821,120.8296316,43.77096426292646,14
DELFT Series,3,0.571554043,0.646673395,0.369608793,0.694780162,2.747252675,5.345080853,14.68428767,4.778993042,-0.023,-0.033199999,0.69277112,6.249375267,5.775925742,1.081969462,17.06987352,0.063384738,40.72185886266666,7.079186465,0.523971282,150.5692794,56.04106106166195,15
DELFT Series,31,0.548484825,0.751898778,0.41240507,0.67404002,4.0,15.82278557,63.2911423,8.498839804,-0.045299999,-0.078100003,0.580025576,12.16719018,12.1715245,0.999643897,56.71717043,0.017625066,54.029279230624994,41.28907565,0.877823932,137.881059,47.76423850059432,16
DELFT Series,33,0.549074072,0.751304317,0.412521721,0.659240007,4.0,10.8695652,43.47826079,7.498282142,-0.065499999,-0.087300003,0.750286331,9.446795702,9.266316287,1.019476932,38.89351889,0.026212,46.45377066021428,35.28862549,0.904284485,118.2459617,42.58387470877855,14
DELFT Series,35,0.580387462,0.757798118,0.439816526,0.693960011,4.0,11.46788979,45.87155917,7.472122499,-0.0449,-0.075800002,0.592348274,9.941555093,9.686400467,1.026341532,43.11380255,0.023805405,41.55657970161538,29.57276085,1.320973467,108.7459448,38.355356664375286,13
DELFT Series,36,0.55149427,0.707317106,0.390081331,0.662999988,4.0,10.16260196,40.65040784,7.470045451,-0.0436,-0.072899997,0.59807959,9.477898574,9.249111553,1.024736108,39.045978,0.026244345,46.24722667485714,34.401829955,1.1495661,119.1291092,42.385817962574485,14
DELFT Series,37,0.551724156,0.656603791,0.362264172,0.653720021,4.0,9.433962376,37.7358495,7.469007793,-0.044199999,-0.069300003,0.637806599,9.375408432,9.117118927,1.028330167,38.6344833,0.0266169,40.13620505584615,26.89715014,1.106528329,107.4183654,37.93186364664847,13
DELFT Series,38,0.546882252,0.75530806,0.413064573,0.675127543,3.00030008,19.377906,58.13953291,7.502501559,-0.045299999,-0.078599997,0.576335893,12.60221538,12.66582027,0.994978225,51.70670006,0.019242733,57.05998866214286,46.067005965,1.250883121,135.56985,49.453489568005374,14
DELFT Series,39,0.548842589,0.752613209,0.413066182,0.669850027,4.999999925,6.968641298,34.84320597,7.499336168,-0.045499999,-0.075400002,0.603448245,8.164367215,7.534478965,1.083600771,33.6041687,0.032246022,42.69776792978571,32.20179745,0.990824537,109.0337784,39.10468821528959,14
DELFT Series,4,0.567669204,0.646352692,0.366914518,0.691192394,3.50877198,3.947368407,13.85041566,5.097427046,-0.022899999,-0.033299999,0.687687685,5.896750782,5.11853694,1.152038337,17.06314678,0.067516171,37.03890099372728,10.89053886,0.405858591,123.9492137,46.11747428237063,11
DELFT Series,42,0.554023031,0.711203229,0.394022969,0.670494803,3.318951116,3.710591316,12.31527119,4.698664459,-0.0328,-0.064099997,0.511700486,5.522676416,4.460087971,1.238243831,14.37645631,0.086129976,64.09337670257142,37.163971595,0.328462757,160.9361553,66.08992701451785,14
DELFT Series,43,0.553492536,0.711837467,0.393996725,0.671658874,2.783964411,6.290718163,17.51313548,4.983238328,-0.0328,-0.064899998,0.505392925,6.57543735,5.991125189,1.09752962,18.13627411,0.060515716,62.20889914085715,37.381856915,0.556145969,157.8569775,62.76322474489984,14
DELFT Series,44,0.553903474,0.711552585,0.394131448,0.668005705,3.318951116,4.424376042,14.6842878,4.982005678,-0.032899999,-0.0625,0.526399977,5.914942455,4.99560109,1.18403018,16.32258094,0.072539397,63.36914891200001,49.11925153,0.467321241,149.7954032,60.50916861707592,13
DELFT Series,45,0.553971955,0.711323109,0.394053054,0.667808535,4.175365393,2.794632381,11.66861133,4.98180038,-0.0328,-0.062399997,0.525641047,5.455314165,3.969448033,1.374325629,15.05545435,0.091284235,57.24879578692857,37.027472935,0.353604789,139.5602331,57.473137325539845,14
DELFT Series,46,0.553316876,0.712255506,0.394102991,0.668071531,3.318951116,5.569316471,18.48428912,5.379368462,-0.032899999,-0.062599999,0.525559091,6.563049855,5.824849308,1.126732986,19.5348874,0.057677987,57.42440640869231,46.18927622,0.683696688,135.9284415,53.655808032457095,13
DELFT Series,47,0.547709649,0.748731875,0.410087672,0.699065487,3.336670115,6.042338546,20.16129045,5.47417018,-0.060199997,-0.083999996,0.716666665,6.933060384,6.278287209,1.104291689,20.7870887,0.053123922,39.5093447712,11.56125865,0.636706998,124.6940389,46.78391581169385,15
DELFT Series,48,0.556938883,0.725419483,0.404014316,0.689522517,3.336670115,5.796905001,19.34235968,5.425944209,-0.0065,-0.050299997,0.129224653,6.792302018,6.083952706,1.116429129,20.52578859,0.054391534,55.53438720307143,38.19693612,0.538444636,136.2264928,53.99874981344263,14
DELFT Series,49,0.565967556,0.743465995,0.420777633,0.698960775,3.352329891,6.306553904,21.14164916,5.522609324,-0.0634,-0.084299996,0.752075955,7.028848891,6.359086,1.105323767,21.96949453,0.050311752,52.09541860285714,34.072834470000004,0.498920575,132.489219,51.23868971450965,14
DELFT Series,5,0.558845197,0.64650021,0.361293537,0.683324383,2.747252675,3.956521814,10.86956514,4.35595643,-0.024099999,-0.0343,0.702623886,5.438242885,4.71949323,1.152293821,13.23834363,0.087042145,44.77157986981818,10.18118481,0.312358075,162.6879043,59.95936308483935,11
DELFT Series,50,0.538712623,0.777307916,0.418745586,0.687933288,3.333333201,6.342495001,21.14164916,5.521059773,-0.079000004,-0.091399997,0.864332668,6.987716844,6.290895848,1.110766577,20.7833188,0.053445101,49.61999546807692,24.08274203,0.618828489,134.990559,52.24838566226055,13
DELFT Series,6,0.561467448,0.646331918,0.362894333,0.685426078,3.154574163,2.979323326,9.398496387,4.339166466,-0.024000001,-0.034199999,0.701754427,5.147299934,4.091028502,1.258192147,12.54037055,0.100331337,71.21765399184616,24.27521516,0.191931918,197.4812536,81.49372989779346,13
DELFT Series,60,0.541266128,0.748477473,0.405125504,0.686761317,3.90472863,5.755062436,22.47195706,6.005475365,-0.045499902,-0.070999804,0.640845458,7.002137368,6.343219616,1.103877493,22.76087043,0.048498914,30.035398645857143,11.85782495,0.663684232,96.78728388,33.527786500553646,21
DELFT Series,61,0.542082426,0.790729128,0.428640364,0.694833104,3.721985347,6.700753786,24.9401074,6.005188412,-0.045395565,-0.072692757,0.624485398,7.345533256,6.732232684,1.091099135,23.91196656,0.045629837,31.063850008333333,12.44975928,0.619170976,100.1066789,34.47559293020074,21
DELFT Series,62,0.541544818,0.676269447,0.366230215,0.68082875,4.108863803,4.707951147,19.34433006,6.009528826,-0.044795588,-0.068793166,0.651163345,6.726075778,5.984074422,1.123996011,21.88953736,0.05134855,29.85223573533333,11.01413265,0.57619205,96.66729701,33.443743418163905,21
DELFT Series,7,0.560793444,0.646194779,0.362381796,0.68504782,3.154574163,4.953125151,15.62500063,5.142782266,-0.022899999,-0.033499998,0.683582103,6.302876566,5.743497313,1.097393491,18.17773917,0.060370186,36.02537641966667,6.904802066,0.444574781,130.4965912,48.472108486755175,15
DELFT Series,71,0.521025751,0.745897523,0.388631817,0.639205808,4.973644952,3.408474669,16.95254283,6.008837034,-0.060187959,-0.081483702,0.738650275,6.09227579,4.640307745,1.312903394,19.0734462,0.068834094,48.21537208412,42.61045799,0.996606346,112.8379852,41.61494626543092,25
DELFT Series,72,0.518236857,0.754385945,0.390950601,0.640002034,5.872514382,5.700000255,33.47333347,7.951829435,-0.059549891,-0.081059551,0.734643726,7.846750285,6.891144823,1.138671511,32.33591723,0.035213831,38.54380487904,33.16795841,1.065026187,93.5701579,31.51065809519216,25
DELFT Series,73,0.518865586,0.753586587,0.391010146,0.640101864,4.972166896,5.437837592,27.03783606,7.005565542,-0.061075572,-0.081767296,0.746943759,7.25527756,6.318148003,1.148323457,26.37254846,0.043542377,43.12654532304,36.89986798,1.192581285,103.193357,36.37068924970218,25
Il Moro di Venezia' Series,IACC 10,0.536,0.698,0.371,0.68,3.93697479,7.677419355,30.22580645,6.83618562,-0.0206,-0.0477,0.431865828,8.516643997,8.061535833,1.056454275,31.2195122,0.033839551,26.183384551666663,13.96353732,2.871552699,77.22355958,27.523213472087782,9
Il Moro di Venezia' Series,IACC 11,0.541,0.704,0.377,0.694,4.666666667,5.424657534,25.31506849,6.783308722,-0.0249,-0.0404,0.616336634,7.488550708,6.841824487,1.094525404,27.51485149,0.039779441,23.663275123125,9.057967396,2.288907725,90.04610009,31.492787593558905,8
Il Moro di Venezia' Series,IACC 14,0.56,0.698,0.387,0.689,4.582125604,5.307692308,24.32051282,6.607884107,-0.0342,-0.0582,0.587628866,7.317782574,6.563071787,1.114993529,27.04484305,0.041227584,27.7911725929,14.176248325,2.363392995,100.3572274,31.58843165837193,10
Il Moro di Venezia' Series,IACC 15,0.552,0.698,0.381,0.689,4.7725,4.87804878,23.2804878,6.638479905,-0.038,-0.0598,0.635451505,7.167378843,6.360791752,1.126806084,26.22566372,0.042965779,25.07004268,9.2342206115,2.05479887,98.62444133,34.610434240948145,8
Il Moro di Venezia' Series,IACC 16,0.54,0.739,0.394,0.686,4.535108959,6.164179104,27.95522388,6.844742658,-0.0212,-0.0501,0.423153693,7.733787936,7.09676206,1.08976289,28.66831683,0.038012796,16.201108119142855,8.285320616,2.556200996,61.93293824,20.9590991000723,7
Il Moro di Venezia' Series,IACC 17,0.552,0.724,0.396,0.703,4.562962963,5.0,22.81481481,6.415581109,-0.044,-0.0534,0.823970037,7.078285355,6.350329565,1.114632758,25.0982906,0.044410704,14.149242404428572,7.143247744,1.984037608,55.95603209,19.050097032143057,7
Il Moro di Venezia' Series,IACC 19,0.555,0.743,0.406,0.696,4.732824427,4.9125,23.25,6.459944764,-0.0418,-0.0584,0.715753425,6.970828773,6.145764423,1.134249264,25.01731602,0.045338567,14.011157769,7.122948724,2.08739717,55.25013458,18.77390032861721,7
Il Moro di Venezia' Series,IACC 2,0.547,0.683,0.367,0.682,4.611246944,5.680555556,26.19444444,6.897865543,-0.0223,-0.0482,0.462655602,7.664797656,7.034759314,1.089560753,28.93939394,0.037649743,26.69470074725,10.104432162999998,2.477608268,100.9701259,35.610723175190415,8
Il Moro di Venezia' Series,IACC 3,0.534,0.694,0.367,0.683,4.81748072,5.637681159,27.15942029,7.103603201,-0.0224,-0.05,0.448,7.803654232,7.152751016,1.091000402,29.51630435,0.036962636,25.8157032655,10.304122707,2.723486233,96.26252403,33.66385253431929,8
Il Moro di Venezia' Series,IACC 4,0.562,0.69,0.38,0.688,4.721804511,5.61971831,26.53521127,6.902956006,-0.0204,-0.0487,0.41889117,7.61321442,6.939288545,1.097117431,29.53645833,0.037144515,23.810462885375,10.0583347,2.277621379,81.70946805,29.79283007682176,8
Il Moro di Venezia' Series,IACC 5,0.517,0.688,0.352,0.68,4.437352246,5.794520548,25.71232877,6.856015969,-0.0168,-0.0447,0.375838926,7.783618121,7.205917291,1.080170339,27.6492891,0.039066839,27.553893953625,10.1651856775,2.625016781,104.6789366,36.911083806232,8
Il Moro di Venezia' Series,IACC 6,0.556,0.692,0.383,0.707,4.419902913,5.802816901,25.64788732,6.660134227,-0.0072,-0.0326,0.220858896,7.688875554,7.100304704,1.082893745,28.45544554,0.038055765,25.500844098875,10.0416997815,2.516309177,95.99054204,33.60869052167209,8
Il Moro di Venezia' Series,IACC 7,0.526,0.694,0.362,0.675,4.569343066,5.630136986,25.7260274,6.875340236,-0.0138,-0.0427,0.323185012,7.6208615,6.984226042,1.091153329,27.60194175,0.03953176,16.208798687714285,8.274688712,2.559960005,62.02937677,20.990084459872552,7
Il Moro di Venezia' Series,IACC 9,0.535,0.681,0.357,0.686,5.188365651,4.247058824,22.03529412,6.846971127,-0.0147,-0.0446,0.329596413,7.053275118,6.185981531,1.140203068,25.87254902,0.044069994,19.699426031,10.9643763,3.44604464,58.56880184,22.383535960271907,5
US Series,USS1,0.544,0.765,0.404384153,0.691266718,3.685515573,3.290547264,12.12736318,4.799067244,-0.046603216,-0.073268789,0.636058231,5.444447569,4.31977441,1.260354605,13.81157953,0.091253473,13.71244839616,1.643617179,0.334691465,82.91088785,23.985287865434227,25
US Series,USS2,0.548,0.767,0.405093873,0.687459991,3.182556312,4.465497076,14.21169591,4.815286253,-0.046827422,-0.072092832,0.649543379,5.810298246,5.008590787,1.160066472,14.77681531,0.078505852,8.60439584440909,1.6175232335,0.375960336,56.99029935,15.012172963774209,22
US Series,USS3,0.549,0.769,0.406212858,0.685974873,2.728603604,6.115702479,16.68732782,4.821600163,-0.04729674,-0.0723896,0.65336374,6.400021146,5.844537452,1.095043226,16.30046257,0.06717866,8.941966643136364,1.755373481,0.404888031,58.24676689,15.314488175155848,22
US Series,USS4,0.549,0.748,0.396,0.682157461,4.348172277,4.675126904,20.32825719,6.068300152,-0.047194939,-0.07274846,0.648741419,6.611653202,5.777128116,1.144453277,21.21686678,0.05394073,28.82240676652632,9.641724931,0.780630069,115.745905,36.23279232217373,19
US Series,USS5,0.549,0.759,0.402,0.682863931,3.862435567,6.050682261,23.37037037,6.08152341,-0.047626991,-0.072649929,0.655568312,7.158657452,6.53879455,1.094797733,23.0192878,0.047560018,30.243798954631576,10.71666166,0.851741686,121.5541287,37.64921319996621,19
US Series,USS6,0.551,0.761,0.405,0.687565383,3.423680456,7.754424779,26.54867257,6.080143024,-0.046916667,-0.071666667,0.654651163,7.8703628,7.424177898,1.060098897,25.42837105,0.041689611,30.10653793465,11.84389924,0.927387141,124.6038477,37.289627496368894,20
US Series,USS7,0.55,0.757,0.401,0.682619772,5.443629698,5.361179361,29.18427518,7.344375134,-0.048072066,-0.073497222,0.654066438,7.558015229,6.763943823,1.117397694,29.40625144,0.037998644,24.94687163925926,6.63287229,1.422310388,119.2492774,34.32872360495603,27
US Series,USS8,0.551,0.756,0.401,0.682936135,4.948514023,6.509536785,32.21253406,7.35584194,-0.04829978,-0.073845373,0.654066438,8.086081997,7.467411163,1.08284944,31.51020758,0.034365037,25.451470952214287,6.3595166465,1.371485011,125.5987672,35.39148123863828,28
US Series,USS9,0.551,0.757,0.4,0.682037858,4.453959833,8.070336391,35.94495413,7.369375192,-0.048664284,-0.074017356,0.657471264,8.785913474,8.316173122,1.056485158,34.21479452,0.030878021,29.076830752384616,9.251356291,1.673376753,134.8115059,38.34733161316074,26
