fraction,iteration,sample_size,TWO_NN,MLE_k10,MLE_k15
0.8,1,56,2.8448346583268536,3.5504539702814495,3.519777409433282
0.8,2,56,3.3661074532341595,3.3963079617156757,3.253349832011313
0.8,3,56,2.7466802003262227,3.6118122631071325,3.5301048263820554
0.8,4,56,3.167785542094461,3.6858929041080506,3.264021058098248
0.8,5,56,3.080628282203295,3.629351624746969,3.407950815444521
0.8,6,56,3.5040450347314964,3.473082078502678,3.493502651783618
0.8,7,56,2.8828051690118475,3.368418172611716,3.348859101820406
0.8,8,56,3.496400851250254,3.754591513180696,3.613315466849959
0.8,9,56,2.88353563109469,3.380877599073373,3.4092223341587657
0.8,10,56,3.0461184841716515,3.7415987626612193,3.4572676193861773
0.8,11,56,2.659387181741946,3.388334643145079,3.4013258710641034
0.8,12,56,2.694520303421676,3.3479584125731425,3.4024375660542523
0.8,13,56,2.740706234668555,3.6951595754413273,3.5691907074516465
0.8,14,56,2.581324264749183,3.525224416529848,3.44887652033372
0.8,15,56,3.3864672500651807,3.464931461265872,3.2516989393707587
0.8,16,56,3.2900389777957084,3.4876078643574564,3.3646866151146533
0.8,17,56,3.041840169119466,3.5342990546550177,3.467940153776014
0.8,18,56,2.5226819610277214,3.590404875919764,3.548550161817945
0.8,19,56,2.887869249928024,3.5788166272251223,3.4219747995024536
0.8,20,56,2.4771924097300446,3.3342641025457374,3.3215760321124597
0.8,21,56,3.224732645015554,3.5119715394446405,3.369351832086989
0.8,22,56,3.1017740418430333,3.391387693682149,3.4517548707180663
0.8,23,56,3.5803037758420944,3.9240850929984163,3.5804765239993053
0.8,24,56,2.6601690454065534,3.5155223015194172,3.4688699618391845
0.8,25,56,3.0876093826313293,3.571010506290631,3.208715129726073
0.8,26,56,3.0094278545458883,3.3464078819512535,3.328255503090525
0.8,27,56,3.552106454026751,3.42563878031997,3.4688669741479528
0.8,28,56,2.7895996288273697,3.4512254389885055,3.3800359618616698
0.8,29,56,3.1906700731386364,3.7521184365835714,3.4257792658463297
0.8,30,56,3.502977647593362,3.742382190117618,3.550759566629782
0.8,31,56,2.6981576374202425,3.6260290630433096,3.456758587377661
0.8,32,56,2.7961753403861924,3.3228437667389414,3.2670342085438793
0.8,33,56,3.500687668090167,3.8614765414216796,3.6317202686227152
0.8,34,56,2.7759035344570804,3.416309177856308,3.234224204215348
0.8,35,56,3.356556733021944,3.6526033065283547,3.3837904293292493
0.8,36,56,3.763565137759848,3.677703960968884,3.5306794524579885
0.8,37,56,2.815112515362561,3.590532885919355,3.585870246040513
0.8,38,56,2.929402994305872,3.4823953567644215,3.3764945662353427
0.8,39,56,3.2351620579772264,3.6332984095675847,3.6854834417669244
0.8,40,56,4.282090203896393,3.738167976894167,3.5410197928634557
0.8,41,56,2.7931553528287503,3.3221767904111283,3.2201779984521046
0.8,42,56,3.207221013066442,3.6285719204230444,3.490742467705516
0.8,43,56,2.788148847649276,3.703218655303787,3.5845299055282642
0.8,44,56,4.0004078316503415,3.930505423370664,3.632210665887809
0.8,45,56,2.6380210355436065,3.6030160765855612,3.4485739336354704
0.8,46,56,3.4497889617808593,3.547754635583746,3.425989057752273
0.8,47,56,3.1891613586052867,3.580440020745321,3.417533250253146
0.8,48,56,3.161274546553439,3.658654249180206,3.391514728069706
0.8,49,56,3.0572588456440752,3.727785623470257,3.564184891003034
0.8,50,56,2.9105843405164507,3.5348223412382245,3.4869686294786644
0.8,51,56,3.0097313335941096,3.5043343417750017,3.2699183941010546
0.8,52,56,2.89252638839162,3.6269548522872648,3.5163831645907258
0.8,53,56,2.8822302630678114,3.5408221699868,3.557120058313766
0.8,54,56,3.1530083280741827,3.5123727710578074,3.3909473701117996
0.8,55,56,2.683980640789004,3.476602497789554,3.21161926787855
0.8,56,56,2.6625757841710245,3.5289125766357787,3.3557112528474744
0.8,57,56,3.467728243618641,3.6525710726718654,3.6067469628790536
0.8,58,56,2.9617203916787176,3.6508756374012643,3.498122737972737
0.8,59,56,3.0667998509957455,3.4274436856989254,3.3639694839127543
0.8,60,56,2.958195970090995,3.537877260940069,3.5330485438048274
0.8,61,56,3.0508910461447374,3.4265934151322703,3.2909760523664136
0.8,62,56,3.109229801483792,3.7221731765093833,3.5537642738031545
0.8,63,56,3.0727678657270765,3.540767226511897,3.499439172972463
0.8,64,56,3.309736477060772,3.612064027364307,3.541391056638183
0.8,65,56,3.2192849675407342,3.6925634615166607,3.5665222795535994
0.8,66,56,2.7587867033889015,3.605682513627577,3.5203337185666603
0.8,67,56,2.8640172327943363,3.3639664839237917,3.3270414874035956
0.8,68,56,3.083202307658357,3.7500349901057946,3.6220799980606233
0.8,69,56,3.294300092301332,3.747184926927928,3.670300703707774
0.8,70,56,2.7514759320949143,3.602867809802717,3.5642268374052506
0.8,71,56,2.8294881775577543,3.455329755960207,3.455236171551646
0.8,72,56,3.340473046647891,3.7909612305298412,3.4638911364230003
0.8,73,56,2.6852697911902883,3.4231944340184577,3.5834766203905026
0.8,74,56,2.622402061503604,3.6778792450715057,3.618195791227554
0.8,75,56,3.8944138456511186,3.6602871844833125,3.5584039700841275
0.8,76,56,3.2943963787900197,3.622994330204449,3.371455095895602
0.8,77,56,3.6839693073921174,3.5735109150116418,3.44414274480268
0.8,78,56,2.9608325566710163,3.6591422865227563,3.6204210852286183
0.8,79,56,2.894840545363463,3.608864506617709,3.4410222934424755
0.8,80,56,2.819195058340414,3.6328797138203925,3.5298951522285082
0.8,81,56,2.924351335990225,3.4458157923688395,3.341585546125652
0.8,82,56,2.6394623106639044,3.714267652203841,3.661876989988207
0.8,83,56,2.733910720769766,3.4121317115764986,3.443194147059653
0.8,84,56,2.796514546490582,3.2871049333306246,3.3100682624136746
0.8,85,56,3.502306344237425,3.7071490501094635,3.570353428159325
0.8,86,56,2.7826416969228123,3.567732162292915,3.547355982136302
0.8,87,56,3.415517554624434,3.880055682896899,3.7517425363352763
0.8,88,56,3.022927584331591,3.5726756104754283,3.59820475159679
0.8,89,56,2.653630892322736,3.3226198878167184,3.387817705942564
0.8,90,56,2.6275214388819426,3.4932690931870374,3.405988390982993
0.8,91,56,2.7252324482335757,3.5947270771115476,3.421004233479116
0.8,92,56,3.7410206050252306,3.6061193542685097,3.714612524952454
0.8,93,56,2.6435244558136497,3.7644012258449258,3.7619116787583784
0.8,94,56,2.952230834420523,3.499766627489033,3.514512648555141
0.8,95,56,3.4850834597779077,3.5553622120387023,3.3243198550378876
0.8,96,56,2.362877698578003,3.500823344917337,3.4545472887752697
0.8,97,56,2.899852044009035,3.688280649633558,3.532466633433772
0.8,98,56,2.9062751645097364,3.4864635280499647,3.5521459631567702
0.8,99,56,2.5397555134977248,3.589327376603616,3.526774154753762
0.8,100,56,2.786155774135572,3.3418372703411925,3.293207402008076
0.8,101,56,3.4317460239615656,3.5311558763713977,3.4601161673879743
0.8,102,56,3.2138900394942436,3.7975556850784993,3.6524445693825243
0.8,103,56,3.08279850780704,3.7117243008941747,3.4700021051701944
0.8,104,56,2.591490940932105,3.5092697091822282,3.398276161242813
0.8,105,56,2.490865011818202,3.7224206217543454,3.510305639119089
0.8,106,56,2.7291934795775794,3.669355437531885,3.6533322283103344
0.8,107,56,2.9604227772208374,3.6559499494241434,3.5127787817404714
0.8,108,56,2.662314371174454,3.2703406362776946,3.266631978646685
0.8,109,56,2.660513968100432,3.4089147575522825,3.226766474789621
0.8,110,56,2.7699039866953004,3.6410471455780944,3.446155740525737
0.8,111,56,3.2352294054621096,3.1764501925715924,3.190853907421007
0.8,112,56,3.362120952026887,3.731859523735419,3.5640845879442113
0.8,113,56,3.2958202818690645,3.5681595110753315,3.498061511484149
0.8,114,56,3.0880162521544237,3.666600697692349,3.4942577444041207
0.8,115,56,3.0921955213711936,3.6176543318512606,3.5940203283838525
0.8,116,56,2.826192113743867,3.5984687651025205,3.3739582150851026
0.8,117,56,2.6541830116437035,3.496651318737602,3.602006476717157
0.8,118,56,2.6260797651473684,3.440840962236232,3.5598496416411742
0.8,119,56,3.0484971643347314,3.5473514532842256,3.3997600981466647
0.8,120,56,3.300870070597419,3.4639817312404895,3.4391594056113513
0.8,121,56,2.641953429509389,3.4114648216842256,3.4107191284865306
0.8,122,56,3.5037390018015913,3.6434187605349115,3.5617974321649797
0.8,123,56,3.5217547377733807,3.9200637725725085,3.6237243720854058
0.8,124,56,3.1854447169571527,3.6407697426209933,3.4586790144978474
0.8,125,56,3.1758086180049645,3.61329355825873,3.462593056731585
0.8,126,56,2.6849596363988613,3.4722036025381007,3.416698190191597
0.8,127,56,3.5436810895785653,3.533542641280049,3.489075499855802
0.8,128,56,3.0329929281384245,3.741029970104969,3.5992424015250037
0.8,129,56,3.2452249668623567,3.5966685209931306,3.5284513079199025
0.8,130,56,2.7516722919233105,3.6223151579221695,3.5130140075534118
0.8,131,56,3.242230125853734,3.717876217346481,3.5414329368669906
0.8,132,56,2.91466795785676,3.4611583816316673,3.4131083550722012
0.8,133,56,3.337999151564607,3.6779609276930607,3.4522713792629593
0.8,134,56,2.77702665686232,3.4964159440989255,3.464999825662472
0.8,135,56,2.669934260218896,3.444432547473162,3.6021717307994927
0.8,136,56,2.950683216252781,3.478120493414156,3.52327192882263
0.8,137,56,3.1160493418198643,3.675915577510075,3.5793296630885894
0.8,138,56,3.164476424964322,3.3565584043646837,3.390056221140053
0.8,139,56,2.5980615125382602,3.494356519177954,3.560004776557993
0.8,140,56,3.7457182480879796,3.629699420632515,3.569158802299771
0.8,141,56,3.0382336411679605,3.648131336807601,3.4163789658092796
0.8,142,56,2.8364321896740896,3.6822089517979015,3.4855133581791975
0.8,143,56,2.897729405015358,3.5182642384307954,3.330610554996311
0.8,144,56,3.2697324688746146,3.747893019002997,3.5767842231090237
0.8,145,56,2.8351655549264168,3.509476271457629,3.4757627408957186
0.8,146,56,3.1091281114088356,3.7598587119085463,3.601166698238493
0.8,147,56,2.829706308411303,3.697360489405067,3.5795801632131585
0.8,148,56,2.8359976917145135,3.554150619954417,3.3512199392667603
0.8,149,56,2.667754779084127,3.347542082840579,3.4222885414447943
0.8,150,56,3.20835477682176,3.582656395636635,3.4646591779156344
0.8,151,56,3.800313331813215,3.521166899345299,3.4195587288325773
0.8,152,56,2.9303606693424435,3.945699391320843,3.6482062633643477
0.8,153,56,3.219135525115178,3.627314959523466,3.531792838230586
0.8,154,56,2.540707009485112,3.7138746218313003,3.6176406408720796
0.8,155,56,3.1075331243411792,3.4570834131391734,3.412532022283305
0.8,156,56,3.2243487422160033,3.826844534473475,3.490758152572718
0.8,157,56,3.1905052259846154,3.7183187555747375,3.3814664273018615
0.8,158,56,2.3879495752544773,3.5649507301132295,3.414702428623741
0.8,159,56,3.042970290405144,4.0055663610282135,3.8113172440878498
0.8,160,56,2.8652458590848364,3.5189781062662324,3.5594282735986136
0.8,161,56,2.8542640442170786,3.947893939967957,3.5861369333894015
0.8,162,56,3.767898414241639,3.8251233676876937,3.477418114157751
0.8,163,56,3.1623949140928964,3.502796352591429,3.4416970945032745
0.8,164,56,3.1611459257925287,3.6081018843983945,3.412277795033689
0.8,165,56,3.0772675297509444,3.6203670247283806,3.4053979084675055
0.8,166,56,2.972004503630115,3.459069534930465,3.402368745706327
0.8,167,56,2.8754549749164164,3.4870273393871734,3.3145615763330816
0.8,168,56,2.829807532965048,3.6109656219275688,3.587728016151512
0.8,169,56,2.777066482902138,3.89348445979036,3.602756841229671
0.8,170,56,2.809208879544961,3.8738378264392463,3.613079057188034
0.8,171,56,2.738622316001762,3.512720604576754,3.4422131122394566
0.8,172,56,3.4254273681280583,3.690151138283789,3.604374990648003
0.8,173,56,3.453193471365823,3.8136224061248547,3.5366782196099322
0.8,174,56,2.771585006666816,3.543038088303561,3.46676826842211
0.8,175,56,3.3684416563279953,3.741903472560654,3.5177019011957205
0.8,176,56,3.266011090140463,3.565056747951562,3.4162883379735622
0.8,177,56,2.6503763239159297,3.513948321371356,3.4974651829704864
0.8,178,56,2.525010028567481,3.51342542936577,3.395503566041033
0.8,179,56,3.006103794231438,3.7912642539073795,3.649139159697426
0.8,180,56,2.945607312535295,3.4432591055174555,3.4418114309898504
0.8,181,56,2.731230242933548,3.498796984885321,3.396370892248544
0.8,182,56,2.7104447822297333,3.4319890621136966,3.3791290112031587
0.8,183,56,2.989833347810625,3.6127018890325506,3.4568614162366766
0.8,184,56,2.900082287840247,3.545786716043995,3.5130003317078082
0.8,185,56,2.591152868320245,3.5157396802589793,3.349681777939069
0.8,186,56,2.8311932685281023,3.535934315352122,3.4688189232614937
0.8,187,56,2.6881478402641013,3.5328359317208915,3.5309865891133065
0.8,188,56,3.0391514254918577,3.759827875375701,3.6292109018274963
0.8,189,56,3.66462203985368,3.6389213683903914,3.4884349970384787
0.8,190,56,2.9925507152446937,3.624465493877022,3.4626249072094453
0.8,191,56,3.2069278973696735,3.515439091608484,3.4957706951404584
0.8,192,56,2.8903767873283925,3.5290214248537737,3.495967611449335
0.8,193,56,3.153362860389985,3.559633619502376,3.384459049067247
0.8,194,56,3.5952231081666652,3.597370172393991,3.3373000974763434
0.8,195,56,3.537549301434677,3.940766658428037,3.747601383577959
0.8,196,56,2.429204126301468,3.525405390296235,3.4848794530079963
0.8,197,56,3.1171445986654684,3.7611707297798733,3.537256913443176
0.8,198,56,2.482622260558365,3.710126069429614,3.602712512350167
0.8,199,56,3.1435658861829308,3.2446736848315916,3.239587745418494
0.8,200,56,2.737133900956004,3.4057680219426274,3.434445925396806
0.8,201,56,2.8541643663926473,3.6837523506535415,3.572333749991525
0.8,202,56,2.748140786535478,3.3807346659091198,3.3140682671777335
0.8,203,56,3.1697882563781015,3.6283589587139398,3.5229709474786546
0.8,204,56,3.29063747455741,3.4843936042196724,3.413000181025924
0.8,205,56,2.604742108375102,3.5903880606845058,3.4847403015797838
0.8,206,56,3.0120825010236207,3.5725557637254846,3.5212590918689024
0.8,207,56,3.1283796550027554,3.5165030194941282,3.2606313255833355
0.8,208,56,3.045970537794539,3.6800193273451316,3.541217335908772
0.8,209,56,3.3264457602476423,3.6273435626510873,3.3873198721143294
0.8,210,56,2.636483772529002,3.464175679014073,3.4842394036239273
0.8,211,56,2.787527669412773,3.6634869731826356,3.576848711630287
0.8,212,56,3.3946515262138663,3.5982360116231726,3.5707306153292504
0.8,213,56,3.2991106346695047,3.6320130008862663,3.4601690301103942
0.8,214,56,2.902339340723374,3.542812310910666,3.4633775879269413
0.8,215,56,2.532698959065624,3.616435382900581,3.5559317270091713
0.8,216,56,2.5118931877254256,3.4639670804907348,3.472325534998102
0.8,217,56,2.6727956991609125,3.3763169397165904,3.335032781678921
0.8,218,56,2.875802444725653,3.7178324355243078,3.5254886148014077
0.8,219,56,3.273690092927192,3.6340597381833097,3.48511826868638
0.8,220,56,2.5661560716403695,3.561945499531652,3.505554938833633
0.8,221,56,3.3467856302997014,3.802025951934083,3.7147833738240057
0.8,222,56,2.5555316367297047,3.5348717868892074,3.4223024794849857
0.8,223,56,3.0426256589430003,3.8499017049141604,3.5961677333377784
0.8,224,56,3.4034230273793775,3.73645901338606,3.6102603030999405
0.8,225,56,3.659042201943786,3.724562650586915,3.5654195604914696
0.8,226,56,2.536015776873093,3.5089977842158118,3.3973070659908196
0.8,227,56,3.359619748435863,3.716888880770198,3.516033915702733
0.8,228,56,2.514901250181929,3.501412435605889,3.427282079327012
0.8,229,56,2.831791752088042,3.4314491751524363,3.325300734636047
0.8,230,56,2.577740764178899,3.358922912429707,3.327706042447873
0.8,231,56,2.6132567715443082,3.525909931979567,3.5824367574701688
0.8,232,56,2.9692472655229847,3.681089017780083,3.6764697202786083
0.8,233,56,2.8729691427751063,3.484348994326519,3.4244359414902745
0.8,234,56,2.8043979686822667,3.3626186133893428,3.375234879360018
0.8,235,56,3.0839791475897864,3.4602491920054486,3.4947450569976013
0.8,236,56,3.7250969235821096,3.5605946779644966,3.405294199990771
0.8,237,56,2.7870575662805304,3.594157255659311,3.4841018426186703
0.8,238,56,3.2950023091907887,3.720081611958251,3.4141833322690496
0.8,239,56,3.391194343930786,3.3678324546826395,3.285671809095086
0.8,240,56,3.311442780527614,3.5721899731149485,3.413320587859961
0.8,241,56,2.9543307283018283,3.747070636652754,3.465063634832532
0.8,242,56,3.218507453016708,3.4957935605251302,3.428217385069275
0.8,243,56,2.5969997689883235,3.339125560436639,3.3272950902567686
0.8,244,56,3.4298101997173185,3.700707529193303,3.550945437588299
0.8,245,56,2.6885193270907837,3.6937148411933274,3.5979958854915046
0.8,246,56,2.955764205606292,3.6900572396865035,3.6135277374742087
0.8,247,56,3.4807092347325725,3.8014790423630274,3.632148808989054
0.8,248,56,2.9816098960852133,3.441971011246887,3.4133243723925872
0.8,249,56,2.8147506253839727,3.587102546751624,3.3620012524312033
0.8,250,56,2.815848672813475,3.532959982493757,3.4429796699727655
0.8,251,56,2.706281032972245,3.243288889086265,3.3485675358258047
0.8,252,56,3.546043968667655,3.7843367888047297,3.6024529327118975
0.8,253,56,3.213804968327012,3.658459894659574,3.6320863910093117
0.8,254,56,2.7651120407165677,3.7391874251090877,3.5308835250737585
0.8,255,56,2.956716881478398,3.3637210490134497,3.2993952487565648
0.8,256,56,2.6125829835952143,3.6540865289704536,3.607598662199448
0.8,257,56,2.834849872769535,3.466307235341457,3.379562073474978
0.8,258,56,3.014631388102353,3.744627310834634,3.64089999306298
0.8,259,56,2.9910703742020868,3.6538026507477497,3.530371884021399
0.8,260,56,2.6988768452575074,3.1741715566993767,3.2531761566039625
0.8,261,56,2.950932494177619,3.5522783431045393,3.472417163388822
0.8,262,56,3.166952648958802,3.466616684042416,3.379610630802584
0.8,263,56,2.9800743162656085,3.6421234903268496,3.4970572469771364
0.8,264,56,2.9205367946289043,3.691752042549271,3.5724592920647247
0.8,265,56,2.9192735496967446,3.7630742446740646,3.4844396775945126
0.8,266,56,2.8351464631726255,3.5605686019782445,3.4623915250381114
0.8,267,56,3.0126288799832066,3.4696563241709426,3.3267376417656975
0.8,268,56,3.4253522322206975,3.9613668743431356,3.7078233207150544
0.8,269,56,2.982443820519767,3.678288192254738,3.4364282891540188
0.8,270,56,2.6427565528126666,3.4915480625933606,3.3751261125830214
0.8,271,56,3.5512432396397586,3.4928537393436554,3.490733788533103
0.8,272,56,2.505464788446648,3.600476331831255,3.5248775884023895
0.8,273,56,2.76459435693832,3.460151341163745,3.365669351124211
0.8,274,56,2.975934350738141,3.4605653193583903,3.3214605181429033
0.8,275,56,3.326630773061644,3.6996234478636865,3.5757244286109144
0.8,276,56,3.019155073631308,3.2813342789667277,3.3391787592709368
0.8,277,56,3.023453631618786,3.5681808941154145,3.43208667594453
0.8,278,56,2.679382634087003,3.4016550057112425,3.2832183548028415
0.8,279,56,2.3337956189433857,3.444303529317967,3.406744808952143
0.8,280,56,3.322629337607844,3.5075315585437408,3.4821731579485586
0.8,281,56,3.301646008830742,3.455895391187648,3.500886158497103
0.8,282,56,3.130954668984662,3.5012972102424014,3.4273168266822256
0.8,283,56,2.7051007098832733,3.612817030776911,3.375980259164647
0.8,284,56,3.0045118408295655,3.444355456748437,3.295665988097311
0.8,285,56,2.7397292221092955,3.398171489652838,3.3944599876346615
0.8,286,56,3.196237067227942,3.267578231073746,3.386506875705375
0.8,287,56,2.6728166531686717,3.46749029950696,3.4530286649002897
0.8,288,56,2.8517305140682847,3.6848030189932683,3.4724032883749554
0.8,289,56,3.1885399988518195,3.717627853397263,3.6810591377082114
0.8,290,56,2.7524203056566448,3.6031941374525442,3.3778229035556997
0.8,291,56,3.082522532546714,3.5749072510378235,3.544003756007207
0.8,292,56,2.759622918191578,3.6375366786633805,3.5300155137790195
0.8,293,56,2.780353940502705,3.603882211871067,3.5327768059361984
0.8,294,56,3.6775182067972843,3.5878139738507224,3.379080673962664
0.8,295,56,2.898729517959984,3.271279888553041,3.2834322013084107
0.8,296,56,3.090656969644929,3.7177078719354,3.5729373921807475
0.8,297,56,3.2274336874878204,3.4923754627834853,3.431437669044589
0.8,298,56,3.1037167749700343,3.547183819920837,3.5779776556613876
0.8,299,56,2.7707587428443343,3.4833862656675327,3.3945257952760093
0.8,300,56,2.740121995635958,3.614926923909447,3.3494850097121858
0.8,301,56,3.2610062785998695,3.7700934135476323,3.539798525999509
0.8,302,56,3.164226665012052,3.472854459797484,3.4350112581064005
0.8,303,56,2.9793358208651797,3.6540231193760744,3.3811419029268603
0.8,304,56,3.019158926639808,3.6152741039175322,3.539109319969335
0.8,305,56,2.491966808166729,3.550024195149408,3.5532428423071614
0.8,306,56,2.8086312758988328,3.5718961034039753,3.5746980244068323
0.8,307,56,2.808801470829565,3.786800090261973,3.775193014350105
0.8,308,56,2.777470088970177,3.8705069237727967,3.820807626900909
0.8,309,56,2.637037111762837,3.4201799892701175,3.426585536431973
0.8,310,56,2.8459420383111236,3.605283969494533,3.4402487491827634
0.8,311,56,3.3517648039977352,3.8263174231216115,3.5452121027104675
0.8,312,56,2.6040580462829643,3.7889341358430007,3.6772147349593616
0.8,313,56,2.968423171589718,3.515467522643147,3.5814983258849855
0.8,314,56,2.7263716471427157,3.323454056124657,3.274351567761678
0.8,315,56,3.1973900432057993,3.65124694385148,3.300820085128528
0.8,316,56,2.6255762862172967,3.240518029452897,3.328685245195104
0.8,317,56,2.761127888923776,3.5809927504428862,3.524916104219599
0.8,318,56,2.6188347195818835,3.419688011243425,3.3760761951306586
0.8,319,56,2.6565873545835186,3.70997538073584,3.581637271775693
0.8,320,56,2.7850130680772773,3.6385143285495714,3.4106086620842455
0.8,321,56,2.8951311623868707,3.806063059626672,3.605705653194637
0.8,322,56,3.1151400111206753,3.2782473849001508,3.3353380805421367
0.8,323,56,2.6285357782960395,3.4826204000335204,3.36398127065582
0.8,324,56,3.119656510022922,3.83842322805141,3.6048141155483955
0.8,325,56,2.8928975108479236,3.594745844623201,3.5621226999343065
0.8,326,56,3.1857467918320013,3.6565200621907197,3.6579032435883048
0.8,327,56,2.9379174149552654,3.6310868033999713,3.4012078019536682
0.8,328,56,2.6451812555962957,3.5411756234306253,3.5042513127697377
0.8,329,56,3.239963806259649,3.824167420279426,3.5230527746594036
0.8,330,56,3.167409898465477,3.5414189234482305,3.442826399754391
0.8,331,56,2.5222231638536794,3.4729634733610952,3.430018426163152
0.8,332,56,3.4561615194296165,3.6953460486943137,3.5012186380027583
0.8,333,56,3.2931933912939866,3.557747073385299,3.4835446309534577
0.8,334,56,3.342716419295549,3.4571495524908396,3.4192048484855246
0.8,335,56,3.0872691553173612,3.673202417083843,3.4787189205397655
0.8,336,56,2.923655822786071,3.4461707345387045,3.341435381206716
0.8,337,56,3.1896460559061284,3.5409370091206784,3.4104495148955967
0.8,338,56,2.712289245750331,3.342671990791214,3.339947937083629
0.8,339,56,3.5623024767332145,3.798035316679782,3.5215292721243783
0.8,340,56,3.011092208958499,3.481503481070363,3.370241609724997
0.8,341,56,3.7506631502478305,3.8170974428090783,3.5282618952716485
0.8,342,56,2.8410832371318238,3.8289022845392586,3.6501456995523855
0.8,343,56,2.845084260098463,3.670621727225856,3.690963526061243
0.8,344,56,2.8950980045565826,3.7268236678630027,3.5075170849001824
0.8,345,56,2.788189449224234,3.8905565270041853,3.638118534326615
0.8,346,56,2.872003623032207,3.501209630967005,3.383548508280307
0.8,347,56,2.7644216166590923,3.5283838587043896,3.4562187849004777
0.8,348,56,3.0773733974085666,3.6575737577571137,3.5159596956727257
0.8,349,56,2.9238216355801288,3.7036651426168388,3.5742756751435953
0.8,350,56,2.808390787708295,3.554710523192454,3.432396170687848
0.8,351,56,3.412480583863358,3.754021790222816,3.5280800435653035
0.8,352,56,2.806391650872171,3.4862907845582405,3.437306294896781
0.8,353,56,2.994286533581709,3.4892262697645853,3.1903548316041657
0.8,354,56,3.0150651876492653,3.424435144245988,3.388411174115604
0.8,355,56,2.8862906808196955,3.3432198911858118,3.4036125278182494
0.8,356,56,2.723702341249596,3.4870099136560517,3.4062423101015193
0.8,357,56,3.4697922849588405,3.620880705252882,3.486918714292987
0.8,358,56,2.760088366444272,3.296569062839103,3.322279107497728
0.8,359,56,3.2918519745306343,3.553716674935955,3.4941840717568757
0.8,360,56,3.2124609825961037,3.777139219950704,3.6883446496361367
0.8,361,56,2.9102842997477234,3.466547408251119,3.417338194433974
0.8,362,56,3.2549091633145224,3.481665119330958,3.5315475724199628
0.8,363,56,3.2660049111795884,3.6192227573991524,3.5352687205399573
0.8,364,56,3.785227419106825,3.853620974869366,3.6244646566271754
0.8,365,56,3.1342490944294346,3.6879978601000665,3.4145989398798777
0.8,366,56,2.604379397075199,3.642703502912057,3.577481551799744
0.8,367,56,3.2340191783814904,3.5022221429241545,3.437818478080167
0.8,368,56,3.1289561658734293,3.7917772794034357,3.3971722161264464
0.8,369,56,2.675056836286791,3.5502820474392016,3.5809726240899917
0.8,370,56,3.57106448558417,3.8947941252581515,3.587167241622509
0.8,371,56,3.0601848537678613,3.523721183597832,3.428289008727807
0.8,372,56,3.0331576978698673,3.826365438574926,3.6205679565312328
0.8,373,56,3.0105094782697357,3.4321686079662013,3.362619258851075
0.8,374,56,3.257425281323179,3.5008240347340256,3.4706034372413574
0.8,375,56,2.7530873051165328,3.4774367247632023,3.6145530159264334
0.8,376,56,2.803029338734959,3.8031236178223264,3.6621332085390406
0.8,377,56,3.6299347428150677,3.5987264670440595,3.387073430887226
0.8,378,56,2.9160780390051513,3.6135604932032517,3.488910406624843
0.8,379,56,2.8222244084437125,3.5303590220987258,3.3682908330809602
0.8,380,56,2.7522659949330204,3.556463570890736,3.3588237148225177
0.8,381,56,2.5661062504825503,3.448616211137051,3.5140535287630437
0.8,382,56,3.598106940517175,3.7960077441498616,3.61255166809968
0.8,383,56,3.08816345009951,3.4806092851663553,3.3200711218352743
0.8,384,56,3.15811490115049,3.5012884451422144,3.3264865538902497
0.8,385,56,3.007354361696906,3.7586033581349483,3.5632717489618235
0.8,386,56,3.3890436419223193,3.624507575616771,3.553633390032058
0.8,387,56,3.0984454108717365,3.5615341186104694,3.411316065774527
0.8,388,56,3.015733328156153,3.54304198754103,3.3386511229166613
0.8,389,56,2.645754284618093,3.592164463793409,3.4188841526091642
0.8,390,56,2.7406055221196235,3.6490399764916313,3.63106439618205
0.8,391,56,3.1913526051817245,3.6172299986294627,3.4797256344262775
0.8,392,56,3.38182255340038,3.4810928353800983,3.482683580997192
0.8,393,56,3.5837719651201065,3.7962133988072604,3.5524052105053943
0.8,394,56,3.0555214444909193,3.659470931357182,3.475897544028862
0.8,395,56,3.1413231440183096,3.7217311845187546,3.6208031851277576
0.8,396,56,3.314646126632365,3.616276267375444,3.45956287389969
0.8,397,56,3.06672313959,3.4060554444291946,3.464554479694432
0.8,398,56,2.953348913934886,3.5738023321097456,3.549087594068837
0.8,399,56,2.922848435450403,3.7377578061243173,3.514624212755994
0.8,400,56,3.708557161093166,3.5553572416695483,3.359743153563729
0.8,401,56,3.5738592589786795,3.7590422682408464,3.4871948099124537
0.8,402,56,2.942331073151714,3.368332727083883,3.3884354623112123
0.8,403,56,2.7455983033696825,3.59440351705241,3.522484493519549
0.8,404,56,3.0409615173079216,3.665086981610006,3.4494712020231004
0.8,405,56,3.538704982556579,3.8073549527929864,3.530530905723506
0.8,406,56,2.8921066459715883,3.6515221147727788,3.5215612268428096
0.8,407,56,2.7808437824113414,3.4521986248901615,3.4016196170554522
0.8,408,56,3.1462253698884766,3.6933147097293255,3.574849279621759
0.8,409,56,3.2029343710633422,3.4304774117874848,3.3144491416043613
0.8,410,56,3.3406157563615824,3.5023340940680248,3.249232234694358
0.8,411,56,3.0058140592859512,3.6004565472462593,3.4568621262814077
0.8,412,56,3.5290603670738796,3.5311647745968933,3.3712602613899842
0.8,413,56,3.122736094302129,3.5886897545479135,3.5593199629635683
0.8,414,56,2.578688901875708,3.494003785280646,3.490395369123244
0.8,415,56,3.0334475199514968,3.6860810164791205,3.468676852398669
0.8,416,56,2.753001579730629,3.5327807101081996,3.590597555506016
0.8,417,56,2.7064147710644053,3.3585196587602013,3.2632244575083127
0.8,418,56,3.0313491477518006,3.8949296803812588,3.70621207050096
0.8,419,56,2.738455863121529,3.726597994092557,3.5036654448357467
0.8,420,56,3.378689177560665,3.6570221645589434,3.5377015525017415
0.8,421,56,2.932488437829717,3.798953230961647,3.63276591950896
0.8,422,56,3.133222568552535,3.562622339808845,3.413710087764392
0.8,423,56,2.875201101810986,3.5819691968507406,3.347355098466366
0.8,424,56,3.4237327086225644,3.8402286900122027,3.695811716597781
0.8,425,56,3.2309132911600593,3.5874892668497327,3.4639270252246033
0.8,426,56,2.912124778169808,3.6917394940926274,3.5518930376360296
0.8,427,56,3.5197245956658194,3.8812467266923614,3.549344008799956
0.8,428,56,2.7707335918671916,3.5455300683508955,3.3791919978237024
0.8,429,56,2.615626830393844,3.7002809584300644,3.5333796460855242
0.8,430,56,3.068493742053664,3.5504946186297417,3.448693236211013
0.8,431,56,3.006950955101108,3.5461184380302737,3.4468842284541323
0.8,432,56,3.42526212512803,3.584875952376726,3.490075920347325
0.8,433,56,2.8600888407935545,3.4552156476617335,3.4628505743750684
0.8,434,56,2.528488000698681,3.322412274622201,3.416511710739464
0.8,435,56,3.0723684436547045,3.5710670971574254,3.4302472292106194
0.8,436,56,3.82671877828385,3.847049589479998,3.6323821247379207
0.8,437,56,3.349299046066181,3.7810772240060353,3.5075481394964814
0.8,438,56,2.8509820620239847,3.4784393200877752,3.396140540706923
0.8,439,56,2.7975095416192,3.7349743755835445,3.5036576155345887
0.8,440,56,2.948934908740975,3.5078636155245,3.3157684778662535
0.8,441,56,2.938721364923888,3.590587050489244,3.4717753742781547
0.8,442,56,3.2419680675691205,3.545368143032795,3.3320889518172856
0.8,443,56,2.8554250352788384,3.4413211007953928,3.406669971277108
0.8,444,56,2.8804116348772832,3.462534644432281,3.3872014397792944
0.8,445,56,3.3323485477781514,3.7311843340227417,3.6367881860576796
0.8,446,56,3.5936147852074836,3.771284275801636,3.615662046455386
0.8,447,56,2.9089259971047454,3.584302245788577,3.5412795093868397
0.8,448,56,2.6888688959311944,3.4366035588830193,3.2965668050762695
0.8,449,56,3.1448363798486234,3.594370962139718,3.45988505818629
0.8,450,56,2.7089066021409693,3.5760963056165567,3.4980754416553657
0.8,451,56,2.7172250570171363,3.685243688697668,3.62500999365844
0.8,452,56,3.116897672195122,3.3898805767464952,3.525722282812264
0.8,453,56,2.973000567189708,3.7557959992020797,3.6049572089818094
0.8,454,56,2.8053411205636754,3.6410095861402234,3.517528401581768
0.8,455,56,3.29172996366396,3.747924569294161,3.5531625893386405
0.8,456,56,3.705397410129729,3.8623245170084988,3.499940554407565
0.8,457,56,3.147265792908604,3.6449045320994466,3.506814170087039
0.8,458,56,2.693918530969049,3.583109567421907,3.553618860793415
0.8,459,56,3.0635725969831507,3.5702430205629114,3.4926150735811796
0.8,460,56,2.9417239024426487,3.3746283797293066,3.318707116597676
0.8,461,56,3.3275487636588545,3.644514537566184,3.52190016070174
0.8,462,56,3.1513995540202497,3.5173818557722063,3.4763350812681066
0.8,463,56,3.1563940868978086,3.7088693594817763,3.5096481106596733
0.8,464,56,2.6296096659828714,3.5217688312670856,3.394379716168981
0.8,465,56,3.288645880726503,3.651962798438987,3.5240283073352336
0.8,466,56,2.7745647315769313,3.378636355745964,3.329504029500995
0.8,467,56,3.3673326765640272,3.7480917040082176,3.5528244342693847
0.8,468,56,2.5374639037421516,3.4295097001262342,3.2981316948227666
0.8,469,56,2.5946111462130403,3.3939278010448426,3.4451475308418233
0.8,470,56,2.5538519771972927,3.6451957697734714,3.526417381235477
0.8,471,56,2.985222091306147,3.7085127400923334,3.4876536490714867
0.8,472,56,2.989841531824622,3.672135896503767,3.452447875520579
0.8,473,56,2.9205678031381113,3.361972521386695,3.37291736809924
0.8,474,56,2.6429231559560393,3.288596233276339,3.3459342382553663
0.8,475,56,3.1488355278077047,3.8165457491813948,3.783343997461428
0.8,476,56,3.314402426311238,3.773316984392771,3.4441892069654174
0.8,477,56,2.7885249912623102,3.49221925584141,3.5110855318710485
0.8,478,56,2.6169444159788333,3.4978202678190535,3.426517796737219
0.8,479,56,2.9905177758519996,3.664503038780605,3.575962389019555
0.8,480,56,2.7939212011118433,3.72276144059536,3.5513007816802493
0.8,481,56,2.438547292848233,3.4301077293916853,3.4588483300950097
0.8,482,56,3.5189365082885464,3.5704335849540487,3.47249047167276
0.8,483,56,3.1420638596481463,3.6585132760234345,3.4370073903195526
0.8,484,56,2.8044787596418366,3.423056159433583,3.4267891895074363
0.8,485,56,3.462845457009184,3.527251960424931,3.545820819243268
0.8,486,56,2.495337926901236,3.4303699989389713,3.410104201398014
0.8,487,56,3.304537464060544,3.8268690591004884,3.582316906735699
0.8,488,56,3.084768522100174,3.517752838826148,3.435798908228467
0.8,489,56,2.4040522961536057,3.58825284154007,3.4862702478395127
0.8,490,56,3.040676643476719,3.5855447799245974,3.4835096142093946
0.8,491,56,3.048767939311487,3.702013737568169,3.603214909123743
0.8,492,56,2.828538467055256,3.4758029159999486,3.4023585514271995
0.8,493,56,3.413986601548739,3.58181315509799,3.4288712913493575
0.8,494,56,2.8938054129002713,3.5646526742981814,3.4377246961723147
0.8,495,56,2.9770067103580913,3.79437824753338,3.5291804675656655
0.8,496,56,3.1969852023958762,3.5415404971597004,3.477823364314984
0.8,497,56,3.452711547357346,3.813972155859936,3.68040280659924
0.8,498,56,2.6343898356137627,3.6252005050896594,3.5671675167264403
0.8,499,56,3.2367366925499597,3.4699309336635307,3.2427602175203516
0.8,500,56,2.7813778215191127,3.731400705340391,3.5934527635361806
0.9,1,63,2.8081451309852055,3.758812651603996,3.4792038478616027
0.9,2,63,2.697912712664268,3.447032982408697,3.428884776230565
0.9,3,63,2.9953886169809363,3.6625187394702996,3.4914806204664592
0.9,4,63,2.6545453169227544,3.4909514228003657,3.4244987008585883
0.9,5,63,2.7293556289998477,3.6210551766945684,3.3978374697626794
0.9,6,63,2.9747350070556204,3.465228283675638,3.422255950518513
0.9,7,63,2.7325897681748836,3.4434036696497845,3.3969022932084787
0.9,8,63,3.179093083013905,3.6876781947703745,3.462956617715106
0.9,9,63,2.886422393715929,3.730505560225941,3.470303050795343
0.9,10,63,2.7431843989973643,3.583006407377101,3.4353144840372147
0.9,11,63,3.369057166919923,3.7042882495375937,3.531471893546347
0.9,12,63,2.846483671112623,3.636135007749992,3.4040518980761645
0.9,13,63,2.910151674218679,3.54826097764742,3.452797432417274
0.9,14,63,2.955181885626041,3.590870686914276,3.3211939436866786
0.9,15,63,2.8915124812573536,3.661077052938368,3.5286131942710814
0.9,16,63,2.715306503957697,3.683922704778186,3.4287095105882637
0.9,17,63,2.5928007649529863,3.5143413663284684,3.439834951982513
0.9,18,63,2.617712038979493,3.5344642233956987,3.4127744524914276
0.9,19,63,2.9821548504457565,3.6482403569614466,3.3541328356487186
0.9,20,63,3.0532021842890478,3.622712178944932,3.4415610074386493
0.9,21,63,2.765742942660297,3.5600592337426495,3.4586110823495266
0.9,22,63,2.768017840843116,3.6758915407570694,3.4422710067676205
0.9,23,63,2.6227075591087203,3.5331452448880967,3.4856924373431903
0.9,24,63,3.441374742775304,3.512650854682364,3.395932236323746
0.9,25,63,2.701086828635796,3.503549381048277,3.3875897899250815
0.9,26,63,2.6367067427593085,3.548315116283177,3.3505567620383925
0.9,27,63,2.7334469049133783,3.482420253512986,3.3974408608133175
0.9,28,63,2.7140309551851454,3.4548098264611187,3.3469174929518033
0.9,29,63,2.873091528518492,3.5041863607016093,3.3180631169081525
0.9,30,63,3.07010054924082,3.6708912544835437,3.4798549238897785
0.9,31,63,2.945823640730604,3.6407449941655803,3.4018133894790807
0.9,32,63,3.6614205006562424,3.790571234037267,3.420955629686434
0.9,33,63,2.800006129205107,3.449018317449788,3.3802239468619004
0.9,34,63,2.701668230543582,3.533256370041672,3.4632254377947804
0.9,35,63,2.890858445618515,3.657704084564963,3.406869121126873
0.9,36,63,2.6176676332736957,3.563632411802073,3.394164395349271
0.9,37,63,3.1004777568685564,3.6150725964199313,3.4986261862467622
0.9,38,63,2.7043485456468597,3.6391317953611004,3.371650130595187
0.9,39,63,2.818056357815881,3.5277363896320613,3.3793475821950114
0.9,40,63,3.0044327559060418,3.5526360252566227,3.3144446419610056
0.9,41,63,2.7701481500465057,3.635515174438047,3.5118696394683906
0.9,42,63,3.0452668043441347,3.67218999878789,3.4029715071620106
0.9,43,63,2.749673379545325,3.6688387938768,3.4599306687837434
0.9,44,63,2.6696818683746457,3.542829942267952,3.330936669574653
0.9,45,63,2.7307729472573867,3.516805709812753,3.4451638870849917
0.9,46,63,3.1194443983516056,3.5760002855569737,3.3076613524040113
0.9,47,63,3.0075732372059374,3.449017832165548,3.369001040464087
0.9,48,63,2.882621677409483,3.6292383404580497,3.5034371876626063
0.9,49,63,3.0931671827980165,3.6285668732840217,3.4209688659441704
0.9,50,63,2.736560071059726,3.5679351561363633,3.464247475777468
0.9,51,63,3.2750595016607797,3.7152060996171685,3.464856647199114
0.9,52,63,2.7362250209525287,3.522300008295926,3.451297534016059
0.9,53,63,2.52492951405125,3.4238820271263255,3.3132174146019024
0.9,54,63,2.824161497004155,3.476059922824281,3.3242160241500205
0.9,55,63,2.653709575487632,3.533363846444674,3.409241306378476
0.9,56,63,2.7056444630598624,3.7081316272761295,3.563722934722589
0.9,57,63,2.677957897565911,3.7065633371835447,3.3762456189061654
0.9,58,63,2.9306775269417016,3.5547448836911255,3.393233128043618
0.9,59,63,3.593149431589477,3.748771596113612,3.521860742584764
0.9,60,63,2.6974569818321803,3.525481050370431,3.460658611721986
0.9,61,63,2.8661475613067133,3.491549907554472,3.390930526014748
0.9,62,63,2.8343004136319117,3.4891385834790083,3.377313577039773
0.9,63,63,2.952584902294543,3.6425426546040507,3.4917458528796708
0.9,64,63,2.9634926183022454,3.6438641868388477,3.4791657796146285
0.9,65,63,2.755810267625269,3.685406863928214,3.489562558225184
0.9,66,63,2.995631160512151,3.609907390178464,3.39407592934221
0.9,67,63,3.551536135373762,3.749794487442708,3.4648777755246956
0.9,68,63,2.9347424768410924,3.4509035349975417,3.411613432956053
0.9,69,63,2.802405650702121,3.4365229306959892,3.315532475890559
0.9,70,63,2.757197596075603,3.613297842534445,3.5161465381523285
0.9,71,63,2.911434905085305,3.6026245748286523,3.4358489255220444
0.9,72,63,2.9494114514963554,3.596031418342292,3.4467999983403748
0.9,73,63,2.8412313430968985,3.587681260760271,3.4440086814176842
0.9,74,63,2.8559992590839265,3.4255012648849057,3.3489604137257305
0.9,75,63,3.0581051222100393,3.459882501705841,3.2809486546877613
0.9,76,63,2.8919128792042534,3.651524525038563,3.4370699081421034
0.9,77,63,3.0029054489397966,3.671166843379876,3.417572786517445
0.9,78,63,2.713193827786203,3.4649134738609924,3.3059028869182985
0.9,79,63,2.580645416296751,3.3903645037034513,3.33006657289483
0.9,80,63,3.0585372295806925,3.769954125118087,3.534702176855915
0.9,81,63,2.667186420363215,3.537752108114728,3.3702985438427335
0.9,82,63,3.0194511897496685,3.7928503865870007,3.4825841896365146
0.9,83,63,2.7053365447658275,3.471130008793064,3.409660283290926
0.9,84,63,3.2553065737080233,3.620170254640266,3.46859434830765
0.9,85,63,3.162958179787566,3.579875659585832,3.442320928812765
0.9,86,63,2.7905907590123564,3.7067920077125462,3.5456848981322895
0.9,87,63,2.8809964443043103,3.504663687386068,3.3520673648586414
0.9,88,63,2.612975642413208,3.4521451974909647,3.3303398931478196
0.9,89,63,3.0503584110485975,3.644806614888075,3.4784085716140503
0.9,90,63,3.1611021799064916,3.6035665192861472,3.348430903992455
0.9,91,63,2.783008416017106,3.6467506169840385,3.360374141094348
0.9,92,63,2.8352209138159545,3.5003804650093784,3.4046632717108762
0.9,93,63,2.7953170908623663,3.598127853669815,3.451068935583813
0.9,94,63,2.7214112570122735,3.498855810552181,3.3338654138588226
0.9,95,63,2.8689789219139934,3.5485977502337014,3.437714913864244
0.9,96,63,3.076567674480605,3.6125962372317533,3.430169840310852
0.9,97,63,3.0711226634729494,3.602360464827452,3.444134874302489
0.9,98,63,2.7183426331203853,3.6666782502756954,3.428182244353059
0.9,99,63,2.8399459213320895,3.485798776044998,3.4329756059649275
0.9,100,63,2.960649613601619,3.5669382734914064,3.3541619181832165
0.9,101,63,2.9479378650150583,3.4840256048164044,3.398755609444694
0.9,102,63,3.134136281814498,3.7785604375627364,3.5061970961916415
0.9,103,63,2.7720846154886223,3.4825826287331236,3.325562052832366
0.9,104,63,2.9090627547867136,3.583990203012459,3.4835078329481814
0.9,105,63,2.6349694247452273,3.558983469545124,3.456506827395572
0.9,106,63,3.3175409179411046,3.693726289214014,3.470469007576014
0.9,107,63,3.040706343439581,3.511397007392577,3.3775050367868613
0.9,108,63,3.2513183740247467,3.610497502426918,3.5071591074365096
0.9,109,63,2.9772442082931456,3.648061085642891,3.4914415363982805
0.9,110,63,3.1011028138161727,3.6830279824925176,3.5048069992644635
0.9,111,63,2.8947649769084065,3.557624265196139,3.4303933166711027
0.9,112,63,3.2701525141462384,3.718876358632917,3.393324834941682
0.9,113,63,3.0705362489661097,3.730288265315865,3.5209890724344324
0.9,114,63,3.072142019763756,3.52834442788544,3.4322466540034946
0.9,115,63,3.1763366745001225,3.687148669746989,3.489931809888521
0.9,116,63,2.7395809862042597,3.514799640064368,3.466115673746988
0.9,117,63,2.7767620029396305,3.541129809181589,3.424507729843057
0.9,118,63,2.796974512887436,3.5211276192488525,3.3857297938648627
0.9,119,63,2.878798314084944,3.6346911453745165,3.440437423340485
0.9,120,63,2.7902612379715093,3.5177237826385914,3.4835455605931194
0.9,121,63,2.8134281539676844,3.6273452858295188,3.425079128893414
0.9,122,63,2.664473246728986,3.386685165253881,3.3629860982394866
0.9,123,63,3.138872759222546,3.730354223744972,3.4849499085980318
0.9,124,63,2.854951432588484,3.6244060090850057,3.4028836176256765
0.9,125,63,2.7835290274326256,3.659426620335609,3.4473985472396302
0.9,126,63,2.918892833958702,3.6913933105632397,3.4853460316931337
0.9,127,63,2.9532743835362036,3.5346878408792746,3.3826537406284634
0.9,128,63,2.549371907133135,3.61536880488767,3.4856082221641085
0.9,129,63,2.972869143892068,3.610623375354837,3.416071440005613
0.9,130,63,2.6135063427757195,3.54898066389433,3.4670124654364436
0.9,131,63,2.933510807126243,3.6235080682668843,3.472533325918525
0.9,132,63,2.7407752710051083,3.400269544491261,3.3566237975418947
0.9,133,63,2.907000051821421,3.5940212877471502,3.5144293004272713
0.9,134,63,2.8544332722702226,3.5941712723290284,3.4545340795995356
0.9,135,63,2.987541878559036,3.606599186472179,3.4310177761514784
0.9,136,63,2.648909119309028,3.433898400971998,3.3955512391889235
0.9,137,63,2.885661897513388,3.571804971639616,3.4393733810225937
0.9,138,63,2.876544175875147,3.4120958374284927,3.3274520244764574
0.9,139,63,2.6509958008495444,3.5539337608094046,3.368169768702243
0.9,140,63,2.7991751844806556,3.4657546724125985,3.438707124351994
0.9,141,63,2.869548846832346,3.5675356141675354,3.4162973428102514
0.9,142,63,2.8539949836050718,3.4699893918397056,3.391393923500258
0.9,143,63,2.956572605194676,3.5589049519736764,3.4038561135648377
0.9,144,63,3.1909448922152066,3.5777017981497616,3.381432561752608
0.9,145,63,2.8094790699573924,3.6295098905595715,3.473218290578841
0.9,146,63,3.0862278804650063,3.477500216474999,3.2331840274539343
0.9,147,63,2.6957783180933443,3.4603280150647335,3.366145684089268
0.9,148,63,2.803856518082921,3.474396566033229,3.3506630325622666
0.9,149,63,2.7468435631788406,3.5829150691654443,3.4391542999540463
0.9,150,63,2.7832870073541636,3.486693716637274,3.3238868878651977
0.9,151,63,2.7100661626681424,3.6015450877842254,3.5215240272155146
0.9,152,63,2.872010322539895,3.6490794924861496,3.3865725205606476
0.9,153,63,2.8294736275677312,3.4742206244239653,3.393507942593657
0.9,154,63,2.763765212939097,3.5294428899530375,3.4389723791791087
0.9,155,63,2.7257346719060207,3.7686005819640793,3.570488826285
0.9,156,63,3.019240085465748,3.5246569602436697,3.3788568627605358
0.9,157,63,2.697281116810391,3.4553313184722994,3.304975206049909
0.9,158,63,3.21778506300643,3.696526515359256,3.432008544283954
0.9,159,63,2.7483845132945315,3.56963436623258,3.5132050613886188
0.9,160,63,2.8045351795530244,3.5734527873880393,3.4645198893063665
0.9,161,63,2.9078964898145037,3.7211227337993873,3.451344810417458
0.9,162,63,3.142421164707653,3.4790080095549225,3.3429991345043115
0.9,163,63,2.786698433205337,3.5634032256510086,3.5069399087213236
0.9,164,63,2.7416460116034878,3.558637130872625,3.457907441838531
0.9,165,63,3.0423832660569388,3.5814647728768043,3.4143858665135673
0.9,166,63,2.9234224308099863,3.588451144418606,3.4271343988217957
0.9,167,63,3.0463003099640975,3.7058985220977303,3.5205865133010494
0.9,168,63,2.760707238602364,3.597063180229029,3.3799342331971522
0.9,169,63,3.0722679953425294,3.544473903635786,3.3186472815188686
0.9,170,63,2.8324643946541808,3.3997354883415447,3.3330698753601276
0.9,171,63,3.038903372184518,3.4557270355681435,3.3167023310953505
0.9,172,63,3.3398939082094876,3.5843973255540136,3.4982378953877626
0.9,173,63,2.863144702502658,3.594617455201695,3.479694927326009
0.9,174,63,3.0733227856529823,3.495363082363326,3.3212327172789267
0.9,175,63,2.8379554058739007,3.553006975535328,3.421147854598065
0.9,176,63,3.21769812752126,3.5406155214521955,3.346018073611364
0.9,177,63,3.017121029553894,3.508332231406409,3.4400425575022298
0.9,178,63,2.6926057084337836,3.6499378324763687,3.4046853166635196
0.9,179,63,2.916619726638079,3.5430392672236675,3.306582743751389
0.9,180,63,3.1485453016567977,3.5544751867880993,3.3420745566251764
0.9,181,63,2.910872401319277,3.491089941640548,3.4757082072391197
0.9,182,63,2.7670329259998363,3.557856656862833,3.297740925548199
0.9,183,63,2.628043272364555,3.543972891335755,3.3965426485092167
0.9,184,63,2.9439304549599865,3.6226759047105457,3.3768582480071068
0.9,185,63,2.8014324416732106,3.4701819948923895,3.3861975084634817
0.9,186,63,3.0451310390012325,3.6586268139611535,3.599772485619121
0.9,187,63,2.7584408430830525,3.625303307649611,3.5158292627285976
0.9,188,63,2.8768097980649237,3.599780760158529,3.361011115107183
0.9,189,63,2.8040041953180124,3.691073764321555,3.4924010622564303
0.9,190,63,2.877222289516546,3.520613653539596,3.367339368311683
0.9,191,63,2.901440683175865,3.636388960836847,3.412012339724251
0.9,192,63,2.676510631924511,3.4869836759245727,3.3859147858398115
0.9,193,63,2.964361139477978,3.495315355528439,3.3402287382162936
0.9,194,63,2.6867189985896616,3.4926340632116797,3.2696409757514244
0.9,195,63,2.7613997434284676,3.6555749513822615,3.58574131675261
0.9,196,63,2.9419288767867906,3.729376824570961,3.5901884144200915
0.9,197,63,2.6307109706020455,3.4353086644438666,3.3749937771272203
0.9,198,63,3.0271786297862135,3.7463055348571803,3.4652225778908776
0.9,199,63,3.060842936716587,3.698567992830253,3.4631458596431712
0.9,200,63,2.60584104621441,3.4742037328705577,3.449869694439174
0.9,201,63,2.8400951988915013,3.498252954804921,3.315239607595529
0.9,202,63,3.2208691202006077,3.651719225774726,3.4073250304660414
0.9,203,63,3.1134330980486222,3.6917323939107227,3.4078005065467627
0.9,204,63,2.737158274453771,3.4811580605204666,3.3392951080513913
0.9,205,63,2.9739414327390734,3.530105528482896,3.3874413290098535
0.9,206,63,2.75088110105725,3.4985293768835395,3.3835586094167467
0.9,207,63,2.5915786431580767,3.336381914797588,3.3790857010247044
0.9,208,63,2.8705114355857626,3.5303142521578557,3.4257420377239223
0.9,209,63,2.610391654296534,3.576203159904629,3.467106667584024
0.9,210,63,2.9195748806051967,3.594505690975971,3.476631245554602
0.9,211,63,3.0057676130510083,3.591118738337718,3.4618782691331442
0.9,212,63,3.216697064966069,3.606939058541246,3.3893102096943055
0.9,213,63,3.3112321878530917,3.6081841068745635,3.453571333436376
0.9,214,63,2.9387522806266997,3.368247301608237,3.4884259909101463
0.9,215,63,2.803812097366672,3.539609053152022,3.367774747205674
0.9,216,63,3.627421040240689,3.6121874819976068,3.4484779538591273
0.9,217,63,2.5486178143307154,3.4371477331058515,3.37482876791846
0.9,218,63,2.8739713467842503,3.645976056601776,3.4867176347295747
0.9,219,63,2.6523760746516123,3.5872108660853685,3.447712002982434
0.9,220,63,2.8350061802828583,3.5973816596364774,3.5076594137266213
0.9,221,63,2.9719244014822186,3.775757272722699,3.4691957300556213
0.9,222,63,2.5380190084766214,3.47591033093192,3.4332764421541127
0.9,223,63,2.8368247815584438,3.5639894059694694,3.493051662430794
0.9,224,63,2.8636197265815775,3.554959956234608,3.3730452271328257
0.9,225,63,2.741313806814903,3.543843346490722,3.3747323394422626
0.9,226,63,3.1720528778726216,3.6573122878098703,3.4200639259284147
0.9,227,63,3.0411060278652733,3.5395305172152582,3.4175244753624656
0.9,228,63,2.9179063924136095,3.540585795350141,3.346303236744119
0.9,229,63,2.6627817769411686,3.531074671482137,3.4165697212565367
0.9,230,63,2.867648099855316,3.7268411099240324,3.482096423128939
0.9,231,63,2.935018328905481,3.694849655299774,3.456339139479345
0.9,232,63,2.61214443629238,3.419011433808672,3.3340809228746484
0.9,233,63,2.962336224532119,3.6600659103649895,3.526828609256563
0.9,234,63,2.7190387714168285,3.3680053695507954,3.315562262027321
0.9,235,63,3.2002044266242997,3.577667504650465,3.4356076601558194
0.9,236,63,3.128404007233264,3.749253725057646,3.46506857208152
0.9,237,63,3.1019609318061816,3.4792403669325744,3.29470782691062
0.9,238,63,2.7752820537400558,3.5123690205930815,3.43941110355031
0.9,239,63,2.5882688259402715,3.462557906810905,3.414806620248423
0.9,240,63,2.764455727322581,3.736260376976624,3.478926295160582
0.9,241,63,2.754282073957327,3.602767740160354,3.355640331354769
0.9,242,63,2.9095934298056134,3.5486432083149153,3.3776020673187688
0.9,243,63,3.4705317651224226,3.6582619534321172,3.4203942174977264
0.9,244,63,3.445480428906081,3.659116943376004,3.425067657842598
0.9,245,63,2.899556997947149,3.5874157837705325,3.413117330977957
0.9,246,63,2.5256319291230764,3.4775449215937266,3.4082137151430145
0.9,247,63,2.9855324808554156,3.6979590357804626,3.506282833501706
0.9,248,63,3.012208709060943,3.562303261003531,3.430388522102563
0.9,249,63,3.119506592586706,3.5152260348033124,3.394019573282777
0.9,250,63,3.171051848197267,3.656151299869008,3.43705329797602
0.9,251,63,3.0879537115842215,3.5556773704311246,3.3853602567088963
0.9,252,63,2.866827206997995,3.428160386565633,3.419687014840569
0.9,253,63,2.528474796323835,3.526454912847458,3.4843263441514454
0.9,254,63,2.569953309689916,3.4822206590550677,3.358311369949081
0.9,255,63,2.8014256778307836,3.625484356041349,3.5243175488591936
0.9,256,63,3.1944160744832377,3.717120955317962,3.438361915737945
0.9,257,63,2.623526728616135,3.59508320452171,3.3628491247189474
0.9,258,63,2.8917036261460516,3.6506977518009833,3.472610929674974
0.9,259,63,2.855374151264176,3.677161545515232,3.458469062290429
0.9,260,63,2.8049977974953615,3.5345129467226917,3.353164567632126
0.9,261,63,3.0618789458931324,3.6441840666271057,3.4055481133030128
0.9,262,63,2.523478378761581,3.5598056297978498,3.3672254072303023
0.9,263,63,3.3196886587280563,3.611048211585539,3.4908659419985737
0.9,264,63,3.1208001621715655,3.6093903471627096,3.4222795582361005
0.9,265,63,2.7984031872489177,3.6608299980353984,3.526516500112351
0.9,266,63,3.0656180726822857,3.714940280417286,3.494986141503743
0.9,267,63,3.110565508531426,3.6088537223205686,3.416984663949966
0.9,268,63,2.7409938994063263,3.5881391096431114,3.4046880734098894
0.9,269,63,2.760954914219161,3.549260875036676,3.377065430705706
0.9,270,63,2.745363637063111,3.5267346179397965,3.368365797424089
0.9,271,63,3.5330924785418563,3.6827542559325166,3.4257466027046597
0.9,272,63,2.728545105688718,3.475927562532639,3.355870121415972
0.9,273,63,2.8524506161444876,3.488436630883104,3.4216413773715515
0.9,274,63,2.713964906318193,3.6967935885542,3.5705105766671563
0.9,275,63,2.633719690302887,3.477279613919038,3.362191726426694
0.9,276,63,2.8520573097981745,3.5335285927574,3.3529579647503196
0.9,277,63,2.9404645484583867,3.5759127746750674,3.49037986567714
0.9,278,63,2.576213669189195,3.5830323957392154,3.530435007969993
0.9,279,63,2.785144750099826,3.394538651519103,3.4205535079618627
0.9,280,63,2.8578744982936963,3.5614369181235954,3.37598014263313
0.9,281,63,3.200129699818833,3.716382598114642,3.440117930470075
0.9,282,63,2.9866506054032063,3.6110305117363555,3.3551236391114654
0.9,283,63,2.902857423292987,3.7006917202874385,3.457149855140146
0.9,284,63,2.8664878006217194,3.6613090134448303,3.469009859340173
0.9,285,63,2.961203716771798,3.7401642799722437,3.4183908285098377
0.9,286,63,2.939574956673598,3.6725520787890766,3.485626605779737
0.9,287,63,2.8083394610281336,3.3207597181749553,3.3228499240020093
0.9,288,63,2.873144636132409,3.6012290180264666,3.409864344813287
0.9,289,63,2.534762514071969,3.550238112321469,3.4036434535852327
0.9,290,63,2.79189526621968,3.3742099803800953,3.224505292844602
0.9,291,63,2.7392217582428273,3.551932553176643,3.3845028202588807
0.9,292,63,3.063066933464571,3.662929542295961,3.4241211312148696
0.9,293,63,2.6386324044304166,3.4840711544658887,3.3834931939596204
0.9,294,63,2.6125264459777244,3.409931426365298,3.3268623883202464
0.9,295,63,2.9156293316032946,3.6323286350658264,3.5679523821964785
0.9,296,63,2.6127762428751105,3.5545774657100835,3.4239969479767547
0.9,297,63,2.7760311179201027,3.6945593616195755,3.4952170399552998
0.9,298,63,2.739137246391921,3.4877213069735657,3.4342634972494452
0.9,299,63,2.8431363675530474,3.439758474332267,3.3132123497380017
0.9,300,63,2.6794073231553353,3.545525474459041,3.4440227651963977
0.9,301,63,3.1221123790824388,3.587893618525977,3.5096186504481524
0.9,302,63,2.960753410310841,3.5816066760638097,3.410830788439913
0.9,303,63,3.6652272317280246,3.664661774796161,3.4162540701482347
0.9,304,63,2.830127181480494,3.549893367547623,3.359362235583137
0.9,305,63,2.8187125387175285,3.5943508609460757,3.4094521853241497
0.9,306,63,3.0733242629557314,3.4773341132502398,3.3958664605051156
0.9,307,63,2.9652259785387205,3.7176232848352084,3.3955671202876117
0.9,308,63,2.6241137784389474,3.5260514571321293,3.4111590263463656
0.9,309,63,2.687516965682005,3.59355721652593,3.354193738527907
0.9,310,63,2.66293430683744,3.567736134488825,3.456519925549426
0.9,311,63,2.8186694929856015,3.701855320849265,3.4386808368449397
0.9,312,63,2.729986754675068,3.5012871895651547,3.431261076088831
0.9,313,63,2.684767475428505,3.4768839578235635,3.403000794017255
0.9,314,63,2.8369574267796067,3.5915118555239607,3.4389425420299733
0.9,315,63,3.200871795899525,3.52328827505118,3.352614922320349
0.9,316,63,2.8063936782713164,3.492695792691537,3.4809519923499463
0.9,317,63,2.7711786874671365,3.660585923766771,3.4626910683487773
0.9,318,63,3.242716107785934,3.735566657716097,3.41375576390962
0.9,319,63,3.3230413861401713,3.5332484201954446,3.417689544741095
0.9,320,63,3.0015886965508733,3.6310039196466173,3.436766017129992
0.9,321,63,3.0101217618189797,3.629352927243528,3.42429686002202
0.9,322,63,2.8026519312221585,3.60731002050954,3.3731348171065236
0.9,323,63,2.7604880798225713,3.483034737587588,3.384998021560537
0.9,324,63,2.9306366148083227,3.5888585531735506,3.4092053112245746
0.9,325,63,2.9210009866194637,3.634265448697839,3.4454909628891395
0.9,326,63,2.883981035757162,3.6436227679309985,3.440692823668192
0.9,327,63,2.7284112784746886,3.5610061924249226,3.3323336792447678
0.9,328,63,2.8160306591402877,3.404781532151455,3.347803500745003
0.9,329,63,2.9258150161581664,3.610512122660149,3.4145578280831153
0.9,330,63,2.878479932381036,3.7239055967607992,3.495753818460852
0.9,331,63,3.363633827166146,3.681809962595316,3.481427558674163
0.9,332,63,2.9392404786073993,3.5201419985657147,3.3577715257153278
0.9,333,63,3.193888886072934,3.7498730874345725,3.456893876423967
0.9,334,63,3.13756856065906,3.6281597736715736,3.4989389535495334
0.9,335,63,3.1055681413135012,3.5706035906493594,3.4102899197684544
0.9,336,63,2.911566234013571,3.500962499688174,3.443920909810447
0.9,337,63,2.6623655378943174,3.520234481781355,3.4607466199978587
0.9,338,63,2.8405911676623576,3.5747329598649333,3.41548487350068
0.9,339,63,3.261517915687518,3.763827015791455,3.524899123441096
0.9,340,63,3.0193013987411095,3.583209521049857,3.4342940466799896
0.9,341,63,2.612618970833617,3.572626299476081,3.50662360406628
0.9,342,63,2.934436197717203,3.555539005283221,3.3766352104627066
0.9,343,63,2.900591214907264,3.6609204021436006,3.496218489027557
0.9,344,63,2.7599743465987774,3.7232722332264396,3.645192766020759
0.9,345,63,2.7816376406912653,3.6251259167666223,3.362378891400493
0.9,346,63,2.917298636034651,3.469196856602344,3.405576347725653
0.9,347,63,2.887773016495828,3.59773953387173,3.4991678014076903
0.9,348,63,2.7258926780989547,3.54952081271534,3.417390042934788
0.9,349,63,3.0802480674541526,3.6024596740851416,3.498460228823139
0.9,350,63,3.1685364660030606,3.6041072681225907,3.34011027672998
0.9,351,63,2.7346188691914906,3.5370217712690883,3.441505369175362
0.9,352,63,2.7901861907668795,3.580493650758048,3.4109112507417656
0.9,353,63,2.831707824007861,3.6661730755380706,3.4528835638039657
0.9,354,63,2.9374004854705498,3.652501932383599,3.533166024856909
0.9,355,63,2.776071690172602,3.515184847389057,3.311955799132127
0.9,356,63,2.7870058772342188,3.5115999229440114,3.4812223837000773
0.9,357,63,2.9557552168399637,3.6228786248267704,3.4356649587344714
0.9,358,63,2.801915154555256,3.6211450044246543,3.518678176143682
0.9,359,63,3.124582732408034,3.5867502043039794,3.372212607091628
0.9,360,63,2.7555350070153657,3.671391726128961,3.491624126359179
0.9,361,63,3.0492631861374297,3.5865767510215436,3.3198171639821727
0.9,362,63,2.752427441614634,3.530700959880875,3.479518615558997
0.9,363,63,3.083560681069849,3.793396207261844,3.512037003537409
0.9,364,63,2.849707818465558,3.5110143230470516,3.323814788757039
0.9,365,63,3.3730486866719778,3.826662100007362,3.5470282965418116
0.9,366,63,2.876823462066591,3.5592113705435677,3.3910659724068353
0.9,367,63,2.8790663865194306,3.571905387277505,3.391776731416735
0.9,368,63,3.3329535512851316,3.6505214143998352,3.403259932839656
0.9,369,63,2.9503055546598946,3.6370766477405865,3.5681087866973207
0.9,370,63,3.2943686393099294,3.7769304561909194,3.545081369266606
0.9,371,63,2.690169617497887,3.6111811294087555,3.4476798691744914
0.9,372,63,2.561296593688359,3.511248807433355,3.45537518464016
0.9,373,63,2.964341787420148,3.6635123371370306,3.429686010934187
0.9,374,63,3.367117111807957,3.6794405277143944,3.5112036160951097
0.9,375,63,2.9679395177368986,3.6101803596308892,3.4280771828485515
0.9,376,63,2.973304701007407,3.635986908523603,3.3996771001855146
0.9,377,63,2.8264273790173595,3.6604511157735127,3.436307196373679
0.9,378,63,3.1638385526371624,3.565920626272905,3.4086883291626635
0.9,379,63,3.2284504925750985,3.586955025715066,3.4870237023500126
0.9,380,63,2.8366121814924052,3.5072649258406225,3.4333463775141366
0.9,381,63,3.0573467855678635,3.703453398438121,3.474494329404272
0.9,382,63,3.2744599381087953,3.6694069459539884,3.4843782543560446
0.9,383,63,2.7848436197451294,3.6935290776126006,3.366788403682815
0.9,384,63,2.78180564492434,3.4429664934063853,3.293746716752789
0.9,385,63,3.066154871260601,3.77884704836239,3.5150932862561044
0.9,386,63,3.003726796999309,3.6449473652560944,3.477424702172776
0.9,387,63,3.0747647433689904,3.651588877430875,3.450439755195691
0.9,388,63,2.8676359304984875,3.5805484590451426,3.425988605464587
0.9,389,63,2.950624694546496,3.692998208197195,3.5135058179930363
0.9,390,63,2.812641014572535,3.5808103501046893,3.392570237765134
0.9,391,63,2.8367023223551766,3.4435148815984093,3.3659092948941822
0.9,392,63,2.7629255783989572,3.578122467493219,3.4673161829979624
0.9,393,63,3.004735975895289,3.608791171982548,3.407205415725106
0.9,394,63,3.2967169727107084,3.5691787674360453,3.496730229419661
0.9,395,63,2.8846186687129025,3.6053029474486573,3.4950039296560513
0.9,396,63,2.914430570247997,3.6404475154664038,3.5571422979137277
0.9,397,63,3.0630787281166705,3.652335412169212,3.378491359762215
0.9,398,63,2.706770689441783,3.4497781927302635,3.457541547410371
0.9,399,63,3.4258502873727856,3.706644273398048,3.404392094341193
0.9,400,63,2.599178070377169,3.416003698926895,3.287494490191637
0.9,401,63,3.0857511057343374,3.6101729504530935,3.3825434557752385
0.9,402,63,2.5967542432163495,3.553668998679076,3.4952316104944052
0.9,403,63,2.746493911979351,3.567385569732688,3.391358298070181
0.9,404,63,2.6871103608040556,3.3937814179236505,3.232643317493018
0.9,405,63,2.954652402699424,3.536888559411788,3.485108905921609
0.9,406,63,2.87325445319807,3.6211777980511215,3.459140169182926
0.9,407,63,2.799066296037801,3.4501691607334872,3.354400116880497
0.9,408,63,3.1252342152037604,3.6550049261011495,3.475431752618761
0.9,409,63,2.784553589767843,3.5677974589991814,3.426311429042689
0.9,410,63,2.7423406777296266,3.6650030780587595,3.463588813992355
0.9,411,63,3.0592016157215163,3.539840988644768,3.5216472567959785
0.9,412,63,3.004853885810934,3.6014589437267763,3.471337160638066
0.9,413,63,3.318617135010085,3.823508687687918,3.4658229393616193
0.9,414,63,2.543468467880933,3.4777730417860506,3.3764713472605514
0.9,415,63,3.2978046608865275,3.7129512122617863,3.56266018920173
0.9,416,63,2.761713653839626,3.3393046284239256,3.2498156317016216
0.9,417,63,2.8600450318642245,3.8086193489350806,3.4984888462027133
0.9,418,63,2.705490409557169,3.5069235012387496,3.339818166427103
0.9,419,63,2.8194468886624984,3.6560075063770165,3.478012758744895
0.9,420,63,2.7199689458360745,3.6088321128987295,3.4445574367884886
0.9,421,63,2.7010505110239786,3.6130151464171374,3.466624553284857
0.9,422,63,2.7029400105345016,3.5505939391822614,3.3839530075684747
0.9,423,63,3.0104052792328946,3.7077422822532515,3.5122273854007884
0.9,424,63,2.8925026260150433,3.5144502613318247,3.3725741659215176
0.9,425,63,2.7365104803243123,3.6701344645808662,3.512008353698598
0.9,426,63,3.1291463398823938,3.5933445568848974,3.4412442984317138
0.9,427,63,2.4772351558909866,3.4997347251491386,3.3974730655071785
0.9,428,63,3.13399806008185,3.7112827059208064,3.4428504515367493
0.9,429,63,2.9505232712659777,3.5334974329146305,3.40586976413651
0.9,430,63,2.8274852924721445,3.562065555548953,3.4479964610181795
0.9,431,63,2.612392853554871,3.708568719262686,3.4784033998998796
0.9,432,63,2.816644189360913,3.5093319247612653,3.402947593134681
0.9,433,63,2.9208339877631286,3.5827465382444053,3.409640029744322
0.9,434,63,2.7370378457253555,3.481724302394112,3.2506543810353277
0.9,435,63,2.867555780475644,3.5613680036068462,3.3675930675859074
0.9,436,63,3.415851583733066,3.6387076653357115,3.5626125185326267
0.9,437,63,3.0877090453384124,3.584693676574094,3.432213380721751
0.9,438,63,2.7912033214805905,3.5781345765198953,3.3695753847326273
0.9,439,63,2.946101992981521,3.579558377545761,3.3538760926724196
0.9,440,63,2.6436549049254574,3.570561806402088,3.5092994723047517
0.9,441,63,3.446541727010111,3.745386592832138,3.433367676592176
0.9,442,63,2.70014769405099,3.6059448522144297,3.4561402493297417
0.9,443,63,3.0376117353286145,3.526178909853553,3.416672641379379
0.9,444,63,3.063168938023259,3.5110829924988227,3.313041558025403
0.9,445,63,2.8910719941117216,3.538738841694803,3.377433694260485
0.9,446,63,3.227895086632518,3.669934700498879,3.5382270079954568
0.9,447,63,2.7400379685248435,3.512803059169327,3.4319062898622925
0.9,448,63,3.2237662595367698,3.6578842892787393,3.4616270644575815
0.9,449,63,2.8207304125361228,3.477168683587867,3.432812262596652
0.9,450,63,3.022673209104188,3.6971628155414793,3.527374787882168
0.9,451,63,2.683190578881844,3.4170191667161083,3.313084210806503
0.9,452,63,2.795315629675973,3.5212058748497563,3.3138689379791186
0.9,453,63,3.010273150896114,3.694642140876044,3.470468150596758
0.9,454,63,3.0209275676032243,3.60831659925407,3.438916128044443
0.9,455,63,2.6212173135927164,3.589210415344513,3.444364971624681
0.9,456,63,2.7373623758549925,3.5448563238304107,3.398728536306345
0.9,457,63,3.094335962419287,3.479251316093655,3.3867563846654467
0.9,458,63,2.7508004071248595,3.4619748252424363,3.330555664036752
0.9,459,63,2.7066986376392976,3.673986158455212,3.474980453561282
0.9,460,63,2.809510364684586,3.6532248137936936,3.4355171341379607
0.9,461,63,2.792974741662572,3.710211653188042,3.5481454833689203
0.9,462,63,2.8122659652493027,3.567163898821671,3.404954120206654
0.9,463,63,2.694042010729261,3.5431683130512766,3.4970094179962024
0.9,464,63,2.7740712603764863,3.5602569956240315,3.4251239727408156
0.9,465,63,2.998642632127001,3.51830105889145,3.3665177363497274
0.9,466,63,3.1407756268154827,3.47407228265997,3.4550400779085617
0.9,467,63,2.6930516843603365,3.5157302640559625,3.35012643253735
0.9,468,63,2.672710986894053,3.464982110606526,3.2991234366303304
0.9,469,63,3.074950513833905,3.6002309540400605,3.3526217175208313
0.9,470,63,2.734643936189008,3.585660993104904,3.4676474071184
0.9,471,63,2.70353629221437,3.551357220962653,3.4105401393616845
0.9,472,63,2.9372049050437914,3.6382838562261592,3.4043719580014953
0.9,473,63,2.9778871020974473,3.6062680734495918,3.445142856160654
0.9,474,63,2.7175427411847335,3.5543781237140366,3.329630822111529
0.9,475,63,2.6709810238574465,3.3517650426797236,3.2641899379158463
0.9,476,63,2.9452724161660853,3.6967787473429894,3.375467434460656
0.9,477,63,2.678618546521245,3.624853631314596,3.4858691988019403
0.9,478,63,2.8865344264082355,3.410664016517564,3.3489736164232133
0.9,479,63,3.0384643528346964,3.5297601237818483,3.4053514380229597
0.9,480,63,3.5331040557400186,3.653552211578498,3.439275018918124
0.9,481,63,3.226712638203473,3.691726302336852,3.4671102269076477
0.9,482,63,2.7277097355812905,3.493042076118443,3.3158959401802925
0.9,483,63,3.1845664681424655,3.685633832615559,3.5356112985287993
0.9,484,63,2.9069761405780237,3.483463145458558,3.3649904520739997
0.9,485,63,3.25175256743264,3.7089942350954153,3.448281612992497
0.9,486,63,3.1008825016274875,3.5344890937659432,3.406192167657267
0.9,487,63,2.8443055213131982,3.512691349391048,3.3132728971898446
0.9,488,63,2.8605202266386387,3.4539093801030267,3.4243970716623022
0.9,489,63,2.975508854644669,3.4161549033757606,3.436047307484379
0.9,490,63,2.9020207526700412,3.470993923261402,3.270047753068369
0.9,491,63,2.6969001903659557,3.5555525242391366,3.4129967829656294
0.9,492,63,2.8530111526329818,3.4302271921198777,3.274181603485948
0.9,493,63,2.760765095373846,3.7024884203126938,3.516480931049798
0.9,494,63,2.882249110167061,3.5368735431895155,3.441081568423207
0.9,495,63,2.885683864771608,3.684161388980333,3.504474969110599
0.9,496,63,2.8027655836152197,3.5805299624776215,3.42995310978465
0.9,497,63,2.8488547448295884,3.5557115015281617,3.4504653734698656
0.9,498,63,2.7469041343528917,3.637610850255564,3.465602892796999
0.9,499,63,3.199271511493984,3.699451164929248,3.515546730366909
0.9,500,63,2.981887169916179,3.6645549176475907,3.4127439205001986
